,date,username,tweet,wisata/hiburan,pendidikan,fasilitas/layanan publik,kuliner
0,09/12/2021 23:11,BsiWahyudi,Wisuda Universitas BSI Kampus Kabupaten Banyumas ke-16 &amp; Kampus Kota Tegal ke-4 (06/12/2021) @ Java Heritage Hotel Purwokerto  https://t.co/MSS0lvsQgW,-1,1,-1,-1
1,09/12/2021 20:44,PPPLarangan,(03/12/2021)  Mengikuti kegiatan bersih pantai yang diselenggarakan Lanal Tegal di Pantai Alam Indah Kota Tegal. Kegiatan ini diikuti oleh berbagai instansi terkait di kota tegal dan sekitarnya.  @dkpjateng  @djpt_kkp  https://t.co/Q5O2K91QN4,-1,-1,1,-1
2,09/12/2021 19:46,AdvFeryAjah,"@infoplntegal Selamat malam , mohon di tindak lanjuti di daerah saya dari jam 17.30 WIB mati listrik sampai sekarang belum menyala  Alamat di jl. Drcipto mangunkusumo Kaligansa Kecamatan margadana Kota Tegal",-1,-1,0,-1
3,09/12/2021 19:27,tegalfess,"[TF] info banjir daerah tegal kota dong lurr, kayong pgn seblak kie, makasii",-1,-1,-1,1
4,09/12/2021 14:58,detikcom,Pemasangan portal di jalan masuk Alun-alun Kota Tegal diprotes pedagang. Wali Kota Tegal Deddy Yon Suriyono membeberkan alasan dari penutupan jalan tersebut.  https://t.co/sf2LxKcEog,-1,-1,0,-1
5,09/12/2021 14:33,0734_kodim,"Dalam rangka memperingati Hari Juang Kartika (HJK) TNI-AD tahun 2021 Kodim 0734/Kota Yogyakarta gelar kegiatan bhakti sosial donor darah bertempat di Jl. Tegal Gendu No.25,Prenggan, Kec. Kotagede, Kota Yogyakarta. Kamis (9/12/2021).  https://t.co/VqqMRgxjZ0",-1,-1,1,-1
7,09/12/2021 13:58,radarmasnetwork,"PPKM Level 3 Batal, Akhirnya Tegal Nyalakan Lagi Lampu-lampu Jalan di Kota #JawaTengah #KotaTegal  https://t.co/kU3VzqvaTP",-1,-1,1,-1
8,09/12/2021 10:42,askrindo,"Askrindo memberikan pembinaan dan bantuan Tanggung Jawab Sosial dan Lingkungan berupa sarana produksi kepada beberapa Kelompok seperti UMKM Seafood Olahan Kota Tarakan, UMKM Binaan Tegal, dan Pengrajin Sepatu Tasikmalaya.  https://t.co/nbBd1QIlmV",-1,-1,1,-1
9,09/12/2021 09:38,bapelkesjateng,Pembukaan Pelatihan Jabatan Fungsional Perawat Angkatan II (9 - 16 Desember 2021) dan  Pelatihan Jabatan Fungsional Bidan (9 - 15 Desember 2021) BKPPD Kota Tegal  metode  Full Online  https://t.co/SKUfJJxBd9,-1,1,-1,-1
10,09/12/2021 09:12,dtlpoldajateng,"Live Report Kasatalntas Polres Tegal Kota melaporkan pantauan Kamseltincarlantas dari Simpang Pramesthi Kota Tegal.  Situasi Arus Lalu Lintas dari arah Timur maupun Barat terpantau ramai lancar, Anggota melaksanakan kegiatan pengaturan jalan  https://t.co/aJWzoEkCxJ",-1,-1,1,-1
11,09/12/2021 09:10,mediaindonesia,"Aplikasi itu bertujuan memudahkan dan mendekatkan pelayanan PN Tegal dengan masyarakat, khususnya warga Kota Tegal.¬†   https://t.co/aTyuprYMCV",-1,-1,1,-1
12,09/12/2021 08:08,Sate_Marem,Waktunya kulineran sate kambing muda di Sate Tegal Marem lagi kuyy! Satenya terbuat dari daging kambing muda pilihan yang didatangkan langsung dari Kota Tegal pasti bikin kamu betah nyate di Sate Tegal Marem.  https://t.co/d9jH3Q6zY2,-1,-1,-1,1
13,08/12/2021 22:49,GATRA_com,"Ditentang Warga, Wali Kota Tegal Ngotot Tutup Jalan  #protes #masyarakat #penutupan #jalan #tegal #alun #alun #protes  https://t.co/UrOrYeVTpR",-1,-1,0,-1
14,08/12/2021 22:19,Puskapikcom,Warga Kota Tegal Sekarang Bisa Mencetak Adminduk¬†Mandiri  https://t.co/2aQFB6XJsT,-1,-1,1,-1
15,08/12/2021 21:20,kompascom,Wali Kota Tegal Dedy Yon Supriyono mengungkapkan alasan kebijakan menutup kawasan Alun-alun dan Jalan Pancasila dengan portal.  https://t.co/8tmiML3Z3a,-1,-1,1,-1
16,08/12/2021 21:02,kumparan,"Sejak dipadamkan mulai 1 Desember 2021, lampu penerangan jalan umum (PJU) di Kota Tegal akhirnya kembali dinyalakan bertahap mulai Rabu (8/12/2021) malam. #publisherstory  https://t.co/mXCzF1tpGn",-1,-1,1,-1
17,08/12/2021 20:39,kumparan,"Meski diprotes warga dan pedagang, pemortalan akses jalan menuju kawasan Alun-alun dan Jalan Pancasila Kota Tegal tetap diberlakukan dan tetap melarang kendaraan parkir di kawasan itu. #publisherstory  https://t.co/hsOEJIeA61",-1,-1,0,-1
18,08/12/2021 20:16,aulia_yulisma,Jalan Dr. Soetomo Kota Tegal. Pemadaman Lampu Jalan oleh @PemkotTegal  Mohon Pak @ganjarpranowo kasih solusi  https://t.co/qSp6oRQpIM,-1,-1,0,-1
19,08/12/2021 19:21,tegalfess,[tf] adain lawson sm marugame di tegal plisss üò≠üò≠üò≠ biar kalo lg nyidam ga jauh2 amat mesti ke kota sebelah üò≠üò≠üò≠,-1,-1,-1,1
20,08/12/2021 19:17,GATRA_com,"Plin-plan! PPKM Level 3 Batal, Wali Kota Tegal: Pemerintah Pusat Harus Tanggung Jawab Jika Terjadi Lonjakan Pasca Nataru   https://t.co/Conqaav4gy",-1,-1,0,-1
21,08/12/2021 18:56,BimasIslam,Penyuluh Kota Tegal Ajak Santri Jadi Teladan Kebersihan di Pondok Pesantren  Selengkapnya di:  https://t.co/Mp1fMZ7zBk  https://t.co/msDBmP0hvx,-1,-1,1,-1
22,08/12/2021 17:54,panturapost,"Keberatan Adanya Portal di Alun-alun dan Jalan Pancasila, Warga Temui Kapolres Tegal Kota   https://t.co/zsJ9cXy3SN",-1,-1,0,-1
23,08/12/2021 14:41,kumparan,"Sejumlah warga Kota Tegal menemui Kapolres Tegal Kota AKBP Rahmad Hidayat, Rabu (8/12/2021). #publisherstory  https://t.co/lS4JtpqJDy",-1,-1,0,-1
24,08/12/2021 10:07,IdMatakita,"Menjelang Nataru, Polres Tegal Kota Tingkatkan Pengamanan di Obyek-Obyek¬†Vital.  https://t.co/SrpR1P2VYZ",-1,-1,1,-1
25,08/12/2021 09:38,tegalfess,"[TF] Tegal kota yg ada kupat2 dimana ya? kupat apa aja deh yg enak, suwun.. üôè",-1,-1,-1,1
26,08/12/2021 02:40,RadioElshinta,"Kini warga di ujung Jakarta bisa menikmati air perpipaan melalui Sistem Penyediaan Air Minum (SPAM) Hutan Kota.  PAM JAYA menargetkan 30.000 pelanggan baru di area Pegadungan, Kamal, Tegal Alur dan Kamal Muara. via @DKIJakarta  https://t.co/HkLRgvjf3c",-1,-1,1,-1
27,07/12/2021 22:28,panturapost,"PPKM Level 3 Dibatalkan, Lampu PJU di Kota Tegal Masih Dipadamkan   https://t.co/2ZivIMd7CU",-1,-1,0,-1
28,07/12/2021 22:21,Puskapikcom,Pemadaman PJU di Kota Tegal Rawan Kecelakaan dan¬†Kriminalitas  https://t.co/iM9kPKyxim,-1,-1,0,-1
29,07/12/2021 20:48,panturapost,Upaya percepatan dimulainya pekerjaan di lingkungan Pemerintah Kota Tegal (Pemkot Tegal) pada Tahun Anggaran 2022 terus disiapkan.   https://t.co/CovnozXPKh,-1,-1,1,-1
31,07/12/2021 14:15,hendrik_zack,Warga Kawasan Alun-alun Kota Tegal Merasa Terpenjara hingga Bangkrut karena Jalan Diportal  Klik untuk baca:  https://t.co/1rZXYWgEUD  @ganjarpranowo @Jateng_Today  @PemprovJatengID,-1,-1,0,-1
33,07/12/2021 13:48,GATRA_com,"PPKM Level 3 Serentak Batal, Kota Tegal Tetap Perketat Pengawasan  #kota #tegal # ppkm #nataru  https://t.co/2ovo8Tn2MC",-1,-1,0,-1
35,07/12/2021 12:13,mojokdotco,Keren nih Walikota Kota Tegal mau bikin floating market kayak di Bandung. Asal nanti nggak dipagerin aja kayak proyek-proyek yang lain. #TerminalMojok  https://t.co/XorSg7Qy2h,1,-1,-1,-1
36,07/12/2021 11:09,DisdukTegalKota,satu lagi kemudahan yang diberikan oleh Disdukcapil Kota Tegal untuk masyarakat Kota Tegal dalam pelayanan Adminduk..  https://t.co/wjkUK7OT9v,-1,-1,1,-1
37,07/12/2021 05:30,hariankompas,"Penutupan akses ke kawasan Alun-alun Kota Tegal, Jateng, menggunakan portal besi diprotes warga dan pelaku usaha yang merasa dirugikan. Penutupan akses itu dilakukan sepihak tanpa sosialisasi dan dasar hukum. #Nusantara #AdadiKompas @Kristilusia    https://t.co/6QW15b37xZ",-1,-1,0,-1
38,06/12/2021 22:23,kamalpratama787,@titokarnavian_ pak tito tolong kami warga kawasan alun2 kota tegal agar kebijakan penutupan jalan tidak dilakukan oleh walikota tegal. Kami para pengusaha sangat terdampak oleh penutupan jalan tersebut. Mohon bapa mau meninjau kebijakan yg tidak tepat ini,-1,-1,0,-1
39,06/12/2021 20:13,kumparan,"Pemkot Tegal diminta segera meninjau ulang kebijakan pemasangan portal akses jalan menuju kawasan Alun-alun dan Jalan Pancasila, Kota Tegal. Sebab, tidak memiliki dasar hukum. #publisherstory  https://t.co/4panZG77MX",-1,-1,0,-1
40,06/12/2021 19:22,inewsdotid,"Protes Alun-Alun Kota Tegal Ditutup Portal, Pedagang Kibarkan Bendera Kuning  https://t.co/1DroRiheyC #benderakuning",-1,-1,0,-1
42,06/12/2021 18:25,tegalfess,[tf] nasi lengko enak di tegal kota sih dimana ya guys? Makasi sebelumnya,-1,-1,-1,1
43,06/12/2021 18:06,kokotole212,Aksi pedagang kawasan alun2 kota tegal memasang bendera kuning pertanda berkabung karena akses kluar masuk jalan ditutup portal oleh pemkot...,-1,-1,0,-1
48,06/12/2021 12:25,tegalfess,[Tf]  Di daerah Tegal kota/kab ada ngga  yg menyediakan tempat tes toefl yg bersertifikat untuk keperluan perkuliahan?   Sender ngga bisa di kampus karena kehabisan kuota pesertaüò≠,-1,1,-1,-1
54,06/12/2021 11:17,kumparan,Mereka mengadukan penutupan akses masuk kawasan Alun-alun dengan cara diportal yang dilakukan Pemerintah Kota (Pemkot) Tegal. #publisherstory  https://t.co/XfZ3Y0yAQB,-1,-1,0,-1
56,06/12/2021 10:30,tegalfess,[tf] tegal kota udh ada kopi kenangan belom?,1,-1,-1,1
57,06/12/2021 08:58,dtlpoldajateng,"Live Report Kasatlantas Polres Tegal Kota, dilaporkan situasi Arus Lalu Lintas di Perempatan Pasar Anyar Kota Tegal. Terpantau situasi Arus Lalu Lintas terpantau Lancar.  Dihimbau kepada seluruh Masyarakat Kota Tegal untuk mematuhi Protokol Kesehatan dan  https://t.co/jME6DjiBb3",-1,-1,1,-1
62,05/12/2021 20:52,killgorils,"@GrabID mohon di tindaklanjuti oknum driver yang tidak bertanggung jawab samasekali. entah kenapa, pesanan belum sampai ke konsumen, pesanan di cancel sepihak oleh si driver tersebut. padahal transaksi menggunakan OVO pay.  yang menjadi korban @haaapiefen lokasi di Kota Tegal.  https://t.co/h7LNrSdReK",-1,-1,0,-1
68,05/12/2021 17:03,infotegal,"Menikmati pemandangan tegal dari atas, bisa jadi pengalaman dan sensasi tersendiri saat naik bianglala di rita park #tegal. Kalau pas cuaca bagus bisa melihat gunung slamet di sebelah selatan atau kalau malam, bisa juga lihat lampu2 kota.  Ada yang suka naik wahana yang satu ini?  https://t.co/M71lwJh5Ee",1,-1,-1,-1
69,05/12/2021 16:34,nyzavqnu,"Tempo hari saking pengennye ama es brasil alhasil ku kelilingin semua yogya toserba di kota dan kabupatennnnnn, dan akhirnya ketemuu di yogya toserba terkhir, omg I am so happy.  Akhirnya gausah jauh jauh ke tegal,  pwt atau jkt  https://t.co/nHeoUgxw4F",-1,-1,-1,1
72,05/12/2021 13:23,AgungSerpong,"@ganjarpranowo Khusu tenaga guru SD baik CPNS mau pun PNS dan kepala sekolah,,,saya minta tolong pak ganjar sidak ke kota Tegal",-1,1,-1,-1
74,05/12/2021 13:07,narkobatglkota,"Siteko Patroli Gereja .  Menjelang perayaan Natal 2021 dan Tahun Baru 2022, Polisi Tegal Kota meningkatkan patroli dengan sasaran gereja-gereja yang ada di Kota Tegal.  .  https://t.co/kXawDxBb6J",-1,-1,1,-1
75,05/12/2021 12:40,LSumpang,"Siteko Patroli Gereja .  Menjelang perayaan Natal 2021 dan Tahun Baru 2022, Polisi Tegal Kota meningkatkan patroli dengan sasaran gereja-gereja yang ada di Kota Tegal.  . #kotategal  #patroligereja  @humas_poldajateng  @bharetta_id @humas_polsek_tegal_barat  https://t.co/4k29orxVRR",-1,-1,1,-1
82,04/12/2021 20:51,tegalfess,"[TF] info dong, siomay/batagor gerobag yg enak area tegal kota. selain yg di jl.kartini, terimakasih üôèüèª",-1,-1,-1,1
84,04/12/2021 18:20,HadnaGie, https://t.co/T6mVFiVjuZ Potensi Pariwisata Kota Tegal,1,-1,-1,-1
90,04/12/2021 13:24,RonnyYulianto7,Roti enak tuh kayak gini. üòéüòéüòé  Tanpa bahan pengawet sejak 1948  Dinobatkan sebagai salah satu kuliner legendatis kota Salatiga.       -----TOKO ROTI TEGAL-----  https://t.co/5PxbaGiGCU,-1,-1,-1,1
92,04/12/2021 12:13,tegalfess,[tf] ada yang tau yang jual crepes/leker di tegal kota gaa? kalo ada dimana? selain di mall yaa makasii,-1,-1,-1,1
96,04/12/2021 08:13,PolairJateng,SAT POLAIRUD POLRES TEGAL KOTA   Pada hari Jumat tanggal  03 Desember 2021 pukul 07.30 s.d 09.00 WIB bertempat di Obyek Wisata Pantai Alam Indah (PAI) Kel. Mintaragen Kec. Tegal Timur Kota Tegal telah dilaksanakan kegiatan Olah Raga Bersama dan Bersih Pantai Pangkalan Angkata  https://t.co/TKwVo2U3j8,1,-1,-1,-1
97,04/12/2021 08:02,a_zidhny,pagi ini mendengarkan keluhan para lulusan pendidikan yg susah buat dptin kerja di sekolah negeri di kota sendiri..  kenapa tegal sesusah ituu sekolah negri disini ga nerima guru honorer üò≠,-1,0,-1,-1
98,04/12/2021 07:46,tegalfess,"[TF] Tolong rekomendasiin tempat yg cocok buat ngedate dong, sekitaran Tegal Kota.",1,-1,-1,-1
99,04/12/2021 07:42,panturapost,Bola Salju Protes Penutupan Alun-Alun Kota Tegal   https://t.co/Aa6jK8Vif7,-1,-1,0,-1
102,04/12/2021 06:46,disnakerintegal,"Heru juga menjelaskan peluang-peluang magang industri yg bisa dilakukan mahasiswa, seperti magang di produksi mesin CO2 extraction, di IKM Logam Kota Tegal maupun di perusahaan galangan kapal.",-1,1,-1,-1
103,04/12/2021 06:46,disnakerintegal,"Dalam kesempatan ini, Kadisnakerin Kota Tegal memaparkan impelementasi Magang Industri dlm program Merdeka Belajar Kampus Merdeka (MBKM).",-1,1,-1,-1
104,04/12/2021 05:53,KPUKotaTegal,"Hai gaaaesss‚Ä¶yuk ikut serta dalam membantu meningkatkan kualitas Pelayanan Informasi KPU Kota Tegal ..  Caranya gampang, hanya isi form di    https://t.co/ZmKO8lyAUT  #KPUMelayani #bakohumaskpujateng  https://t.co/cBvAmq22w6",-1,-1,1,-1
106,03/12/2021 21:29,infoseputarteg1,"Penampakan lapangan alun alun kota tegal, sing selama satu tahun luih di krobong¬≤ seng, saiki ws di buka kabeh. Walpn lpngane ws di buka bral, tapi dalan sing tembus maring alun¬≤ di portali kabeh, dadi anggr pan manjing area lapangan kudune motore di parkir nang jaba dalan alun¬≤  https://t.co/SGbrQ2stE5",1,-1,0,-1
114,03/12/2021 14:08,y0jenojaem,"@convomfs Menantea, tpi jauh bgttt dari rumahku mesti ke kota dulu:((( pppp @JeromePolin ayo buka di tegal kabupaten:(((",-1,-1,-1,0
115,03/12/2021 13:36,Emm_aaa2108,"@arigetas @salatiga_info @indrayust @MustikaUngu nahhh, berarti taunya kuliner baru2 yang terkenal, toko roti tegal itu depan apotik wahid, orang2 luar kota biasa carinya itu klo ke salatiga, bosku semarang aja sering nitip  produk2 roti tegal, abon sapinya enak banget lhooooüòÜüòÜ",-1,-1,-1,1
116,03/12/2021 13:10,tegalfess,"[tf] liat di tiktok kota lain kok banyak yang jualan pentol ya, kalo pentol di Tegal yang enak tuh dimana",-1,-1,-1,1
136,02/12/2021 13:21,sahabatganjarid,"Ekasari Lukitawati genap sembilan tahun menjadi guru tidak tetap di SDLB Kota Tegal.  Sempat mengecap honor Rp 200.000 per bulan, kini ekonominya membaik berkat kebijakan Gubernur Jawa Tengah (Jateng) Ganjar Pranowo yang menggajinya Rp 2,3 juta.  #SahabatGanjar  https://t.co/Tra84z8eH7",-1,1,-1,-1
140,02/12/2021 11:22,tegalfess,[tf] jam segini yg jual papeda di tegal kota dmna yaa,-1,-1,-1,1
144,02/12/2021 10:26,tegalfess,"[Tf] saranin tempat makan yg ""harus dicoba banget"" kalo lagi ke tegal dong, boleh kota ato kab, bingung mau bawa sodara jalan2 üòÖ",-1,-1,-1,1
146,02/12/2021 08:51,SelebritiPolisi,Lampu PJU di Kota Tegal akan Dipadamkan Sebulan pada PPKM Level 3 Serentak  https://t.co/JQuEVYLM3O,-1,-1,0,-1
150,01/12/2021 20:51,hakimwisanggeni,Maksud dan tujuan nya apa ya ini. Mohon pak gubernur bisa menegur walikota nya yg arogan ini... CC @ganjarpranowo . Alun alun kota Tegal akses jalanan ditutup juga. Masyarakat sekitar tidak bisa melintas.  https://t.co/OCTOfQyvjK,-1,-1,0,-1
160,01/12/2021 13:59,panjiwjj,Tegal Kota Bahari Nyari warteg kharisma bahari engga ada sama sekali. Padahal frinchisenya di Jabodetabek banyak banget,-1,-1,-1,1
166,01/12/2021 10:06,edwighty,"Tegal, Kota seribu warteg  https://t.co/DZOJG7u7gd",-1,-1,-1,1
169,01/12/2021 08:04,panturapost,"PPKM Level 3 Serentak pada Nataru, Sejumlah Ruas Jalan di Kota Tegal akan Ditutup   https://t.co/xu5rcFwD8r",-1,-1,1,-1
170,01/12/2021 07:12,BeritakuKabar,"VIRAL VIDIO PROTES WARGA , PORTAL ALUN ALUN KOTA TEGAL  https://t.co/FMcsaCdFPC via @YouTube",-1,-1,1,-1
171,01/12/2021 07:05,MediaKomando,Warga Bongkar Paksa Portal Sebagai Ungkapan Protes Atas Penutupan Alun-alun Kota Tegal  https://t.co/5gaLW3ShqW,-1,-1,0,-1
173,01/12/2021 04:30,RheArdiyansah,"@txtdrjkt Smua kereta ga hny krl , kereta jarak jauh juga sama pd naik di atas , paling inget naik kreta Tegal Arum tujuan Cirebon dr St Kota penuh desak2an dan ad yg naik diatas di St Jatinegara udh diingetin dan terjdilah pd jatuh smpe ad yg hilang kaki ny sebtas betis",-1,-1,0,-1
174,30/11/2021 22:09,OposisiCerdas,"Protes Penutupan Alun-alun Kota Tegal, Warga Bongkar Paksa Portal  https://t.co/qSomHekDKe",0,-1,-1,-1
175,30/11/2021 21:24,geloraco,"Protes Penutupan Alun-alun Kota Tegal, Warga Bongkar Paksa Portal  https://t.co/o9AdiTe7HU",0,-1,-1,-1
176,30/11/2021 20:34,kumparan,Sejumlah ruas jalan di Kota Tegal akan ditutup pada masa libur Natal dan Tahun Baru (Nataru) 2022 untuk membatasi mobilitas masyarakat. #publisherstory  https://t.co/1TD3lq52CM,-1,-1,1,-1
184,30/11/2021 18:19,HMP_ITB,"Ada warga Jalan Anyer, Kota Bandung, yang kehilangan rumah pasca penertiban oleh PT  KAI. Selain itu, ada pula masyarakat Kota Batu dan Kabupaten Tegal yang terpaksa mengungsi akibat rumahnya yang terendam banjir.  https://t.co/mfWvy78vW8",-1,-1,0,-1
185,30/11/2021 18:08,KPUKotaTegal,"(30/11) Hari terakhir pemantapan dan peningkatan pendidikan politik bagi masyarakat dilaksanakan di Kecamatan Margadana.  Kesbangpol Kota Tegal menggandeng Fisip Universitas Pancasakti, KPU dan Bawaslu Kota Tegal dengan masing masing narasumber Drs. Sri Sutjiatmi MSi, Drs Thomas  https://t.co/5UEDXebXzf",-1,1,-1,-1
186,30/11/2021 17:57,LapasBrebes,"*Kalapas Brebes Menerima Baik Kunjungan Kepala BNN Kota Tegal, Wujud Sinergitas yang Terjaga*  *Humas Lapas Brebes* _Ringan Mencerdaskan_  #KumhamPasti #Pemasyarakatan #LapasBrebesBersinar #WarOnDrugs #P4GN  https://t.co/ghwaIPTme4",-1,-1,1,-1
189,30/11/2021 14:00,tegalfess,[Tf] cafe daerah tegal kota - adiwerna yang tempatnya enak trs harganya murce dimana yah?,-1,-1,-1,1
190,30/11/2021 13:18,narkobatglkota,"Sebagai bentuk apresiasi dari kesatuan terhadap kinerja optimal yang telah ditunjukkan oleh para personel, Kapolres Tegal Kota AKBP Rahmad Hidayat, S.S.  memberikan penghargaan kepada sejumlah personel yang berprestasi. .  https://t.co/WiOqB8TYZ9",-1,1,-1,-1
192,30/11/2021 11:16,narkobatglkota,"Sebagai bentuk apresiasi dari kesatuan terhadap kinerja optimal yang telah ditunjukkan oleh para personel, Kapolres Tegal Kota AKBP Rahmad Hidayat, S.S.  memberikan penghargaan kepada sejumlah personel yang berprestasi. .  https://t.co/LMwtODoaTy",-1,1,-1,-1
193,30/11/2021 11:09,tegalfess,"[TF] Saran cafe di Tegal kota yang enak buat me time, yang ada slice cake, yang manis-manis. Teru cafenya comfy gitu~ Makasih üòáüíñ",-1,-1,-1,1
194,30/11/2021 11:06,zamiahmad7,"@jntexpressid @jntexpressid halo min, saya kirim paket JP9697750475 dari Tegal ke Bekasi Kota dari tanggal 18 belum sampe? Tolong diproses untuk pengantaran. Sudah lewat dari tenggat waktu pengiriman",-1,-1,0,-1
200,30/11/2021 07:31,KPUKotaTegal,"(29/11) Pendidikan Politik bagi Masyarakat kembali dilaksanakan di Kecamatan Tegal Barat.   Masih bersama Kesbangpol Kota Tegal yang menggandeng akademisi Fisip Univerrsitas Pancasakti Kota Tegal, KPU Kota Tegal dan Bawaslu Kota Tegal.  https://t.co/l1Iqh9PTrV",-1,1,-1,-1
201,30/11/2021 06:20,detikcom,"Warga memprotes kebijakan Pemerintah Kota (Pemkot) Tegal, Jawa Tengah yang menutup kompleks Alun-alun dengan portal.  https://t.co/wskmIZv7N4",-1,-1,0,-1
202,30/11/2021 03:36,Sumarnotegal,"üåà PANTAI MUARA ANYAR üèñÔ∏è Kel. Muarareja kec. Tegal barat KOTA TEGAL , berharap adanya dukungan dan respon dari dinas terkait untuk kemajuan daerah maupun lingkungannya üôè @sandiuno @ganjarpranowo @disporaparjtg @PemkotTegal @pariwisatategal  https://t.co/gO9Te4ngMI",1,-1,0,-1
203,29/11/2021 20:16,kumparan,Penutupan akses keluar masuk menuju Alun-alun dan Jalan Pancasila Kota Tegal saat malam hari diprotes warga setempat. Bahkan mereka mengancam gugat class action Pemkot Tegal. #publisherstory  https://t.co/8vPb5VxZLb,1,-1,0,-1
204,29/11/2021 20:07,GATRA_com,"Jalan ke Alun-alun Tegal Ditutup, Ambulans Terhalang, Warga Kritis Meninggal  #kota #tegal  https://t.co/G1btM3CbO1",1,-1,0,-1
206,29/11/2021 19:26,Wondo30117303,"Giat pagi smpe siang hari ini relawan peduli tegal melakukan penggalangan dana utk korban banjir di daerah Garut, titik lokasi  penggalangan dananya di  Pantai Alam Indah kota tegal bersinergi dengan Trc tegal bersatu dan BNPB serta RMB (Relawan Mutiara Bahari)  https://t.co/hcEwmQttIF",1,-1,-1,-1
212,29/11/2021 17:34,inewsdotid,"Belasan Warga Geruduk Kantor Pengembang Perumahan di Kota Tegal, Ada Apa?  https://t.co/pyCBrpeGHr #pengembangperumahan",-1,-1,0,-1
228,29/11/2021 10:10,lutfimove,"DED Saluran Kompleks Alun-alun Kota Tegal... (29/Nov) , trend - #StrayKidsComeback #tender #lelang  https://t.co/SocE4M9xUf",1,-1,-1,-1
232,29/11/2021 05:51,rctvcirebon,Senam Sehat Tumpah Ruah Penuhi Taman Pancasila Kota Tegal  https://t.co/WBdi6XV2HW,1,-1,-1,-1
237,28/11/2021 16:50,tegalfoodie,Ada banyak jenis makanan dan jajanan beragam di Kota Tegal. Mulai yang berkuah atau yang kering #tegalfoodie,-1,-1,-1,1
248,28/11/2021 09:13,haiiigyu,"Semoga @Dzawinur dan @wiranagara besok2 ada event stand up di Tegal, biar aku ga usah keluar kota gitu loh ü•¥",1,-1,-1,-1
250,28/11/2021 08:43,disnakerintegal,"Gelar Produk kali ini menampilkan produk-produk pelaku IKM Kota Tegal yang terbagi dalam 4 divisi, yaitu logam dan furnitur, kuliner, kriya dan aneka, serta fashion dan tekstil.",1,-1,-1,-1
255,28/11/2021 06:54,GATRA_com,"PPKM Level 3 Serentak, Jalan-jalan di Kota Tegal Bakal Ditutup Lagi   https://t.co/GJ1ONDhrUn",-1,-1,0,-1
257,27/11/2021 21:39,Puskapikcom,Ikatan Alumni SMA 1 Kota Tegal Gelar Baksos dan Tanam Bibit Pohon Cemara¬†Laut  https://t.co/jlQwK4Dbpr,-1,-1,1,-1
259,27/11/2021 20:26,antonpokex,Mari mampir di #bakarrr_tegal  Jln proklamasi no 7 Balai Kota Lawas @ Balai Kota Lawas  https://t.co/6zQzzVcvrL,-1,-1,-1,1
262,27/11/2021 19:11,KAI121,"@vivinafiatul Selamat malam Kak. Layanan Rapid test antigen di Stasiun Tegal tersedia mulai jam 08.00-21.00 WIB (antrean kondisional), dengan tarif 45 ribu. Lokasinya di pintu keluar Utara ya Kak. Pelayanan hanya berlaku bagi calon penumpang KA Antar Kota, |1",-1,-1,1,-1
264,27/11/2021 18:19,KAI121,"@Stanzaoth Selamat malam. Saat ini Gedung Birao belum dibuka untuk umum, semoga kedepannya bangunan tersebut bisa menjadi alternatif tujuan wisata baru di kota Tegal ya. Trims.",-1,-1,1,-1
265,27/11/2021 15:26,infotegal,"Mulai hari ini (27/11) hingga tanggal 29 November 2021 di GOR Tegal Selatan diselenggarakan Gelar Produk IKM Kota Tegal 2021. Dalam pameran ini ada banyak macam produk seperti kriya, logam, textile, batik, furniture, dan yang tidak ketinggalan, kuliner.  https://t.co/pPmh2grwkS",1,-1,-1,-1
270,27/11/2021 12:22,narkobatglkota,"Polres Tegal Kota menggelar bersih-bersih saluran air dan Sungai di wilayah Kecamatan Tegal Selatan Kota Tegal, Sabtu (27/11/2021)  https://t.co/gAybrmswYb",-1,-1,1,-1
275,27/11/2021 10:01,tegalfess,[Tf] tempat asik buat kongkow with besties sekitar kota tegal yg sesuai kantong mahasiswa dmn yaa?,1,-1,-1,-1
276,27/11/2021 09:55,izoelcell,Nwn sewu Pak Gub @ganjarpranowo. Mhn bantuan motivasi utk tmn2 Forum Komunikasi Penjaga Sekolah Dasar (FKPSD) Kota Tegal berupa video ucapan HUT FKPSD yg ke 9 pd tgl 12 Des 2021 nanti. Video ucapan dari Pak Gub akan saya sisipkan pd dok. kegiatan sbg penyemangat tmn2 dlm bekerja,-1,1,-1,-1
279,27/11/2021 04:51,PolairJateng,"SAT POLAIRUD TEGAL KOTA   kegiatan Penanaman Mangrove dengan tema "" AYO MAGERI SEGORO "" dalam rangka HUT Ke-71 Polairud di Wilayah Hukum Polres Tegal Kota Polda Jawa Tengah.   A. Dasar Pelaksanaan Kegiatan : a. Surat Telegram Kapolda Jateng Nomor : STR / 787 / IX / IPP.3.3.9 /  https://t.co/iCGfTKVk9g",1,-1,1,-1
280,27/11/2021 04:51,PolairJateng,"SAT POLAIRUD TEGAL KOTA   kegiatan Penanaman Mangrove dengan tema "" AYO MAGERI SEGORO "" dalam rangka HUT Ke-71 Polairud di Wilayah Hukum Polres Tegal Kota Polda Jawa Tengah.   A. Dasar Pelaksanaan Kegiatan : a. Surat Telegram Kapolda Jateng Nomor : STR / 787 / IX / IPP.3.3.9 / 20  https://t.co/z8TxLTagfe",1,-1,1,-1
288,26/11/2021 18:09,tegalfess,[TF] pecel lele lesehan yg enak di Kota Tegal dimana gaesss,-1,-1,-1,1
290,26/11/2021 16:41,AzmiFaiqoh,"@KAI121 setuju jadiin museum min, dirawat dan difungsikan biar awet sampe beratus tahun kemudian. Kota Tegal masih jarang museum juga.",1,-1,-1,-1
296,26/11/2021 14:21,infotegal,"Pentas Seni Masyarakat Dan Sekolah Persembahan Dari Dinas Pendidikan Dan Kebudayaan Tegal Kota ‚Äú Pesona Tegal Keminclong ‚Äú  Saksikan di Channel Youtube Disdikbud Kota Tegal &amp; Diskominfo Tegal Kota Sabtu, 27 November 2021 Jam 10.00 WIB  https://t.co/Cv1DfVLc51",1,-1,-1,-1
316,25/11/2021 15:44,lewatmana,"Tol Dalam Kota dr Cawang menuju Semanggi macet, tersendat di Exit Tegal Parang &amp;amp; Polda. #JKTT  https://t.co/J9BGuwhRm1 (via @nabilaaII)",-1,-1,0,-1
317,25/11/2021 15:44,nabilaaII,"@lewatmana Tol Dalam Kota dr Cawang menuju Semanggi macet, tersendat di Exit Tegal Parang &amp; Polda. #JKTT  https://t.co/EsuaNTywlp",-1,-1,0,-1
320,25/11/2021 14:39,infotegal,"Rujak Teplak Bu Kapsah, memang sangat sulit sekali untuk tidak membelinya saat mampir ke Toko Mitra Kota Tegal. Sayurannya banyak, ada kangkung, lembayung, tauge, pare, timun, kubis, tahu gambir, jantung pisang, dll.   Buka dari jam 9 -3 sore.  https://t.co/6l0LJobxt2",-1,-1,-1,1
321,25/11/2021 13:40,narkobatglkota,"Kepedulian personel Bhabinkamtibmas membersihkan sampah di aliran sungai Kel. Kemandungan Kec. Tegal Barat Kota Tegal, bersama warga setempat guna mencegah terjadinya bencana banjir di musim penghujan.  https://t.co/vYyG5PpfF5",-1,-1,1,-1
327,25/11/2021 12:50,LSumpang,"Kepedulian personel Bhabinkamtibmas membersihkan sampah di aliran sungai Kel. Kemandungan Kec. Tegal Barat Kota Tegal, bersama warga setempat guna mencegah terjadinya bencana banjir di musim penghujan. . #waspadabanjir  #janganbuangsampahkesungai  @humas_poldajateng  https://t.co/xWULRoIhFN",-1,-1,1,-1
329,25/11/2021 11:48,ArdiansyahTanto," @ganjarpranowo @Kemdikbud_RI @nadiemmakarim Itu sdh berjalan lama bang,, untuk guru dibawah binaan provinsi sudah sangat layak gajinya,, cuma untuk E364guru Kabupaten masih kecil,, karena apbd Kabupaten belum memadai,, kalau untuk lingkup kota, yg gaji guru sesuai UMK, itu kota Tegal",-1,0,-1,-1
331,25/11/2021 09:52,Elang326,"Pak @ganjarpranowo saya koq jadi sedih kota kelahiran saya tercinta, kota Tegal sejak di tata oleh walkotnya malah jadi mengorbankan kenyamanan warga dan merugikan pedagang ya, monggo dibaca ulasan berikut pak  https://t.co/dpMkfT3sCY",-1,-1,0,-1
332,25/11/2021 07:49,uwiewin,NU PEDULI Kota Tegal bersama elemen terkait terjun dalam giat evakuasi dan distribusi logistik dalm penanganan banjir di Kota Tegal. Dapur Umum NU Peduli masih dibuka di kecamatan Margadana. @Ubaidullah_Sdq @muzamilmahmud @PPLPBINU @pwlpbinujateng @bpbdjateng @BpbdTegalKota  https://t.co/zyJEyU7i4O,-1,-1,1,-1
341,24/11/2021 18:36,tegalfess,[TF] Gais info yg jual keraktelor area tegal kota dong.. maaciw,-1,-1,-1,1
342,24/11/2021 18:30,detikcom,"Banjir merendam Kecamatan Margadana, Kota Tegal, Jawa Tengah, sejak kemarin. Data terkini, banjir di tiga kelurahan wilayah itu mulai surut.  https://t.co/60Hs18CA2g",-1,-1,0,-1
346,24/11/2021 10:58,tvOneNews,"Bantu Sesama Korban Banjir di Kota Tegal, Warga Buka Dapur Umum  https://t.co/qjY7c5mJeA",-1,-1,1,-1
350,24/11/2021 06:59,PolairJateng,"PENGUNGSI WARGA TERDAMPAK BANJIR Di Pendopo Kantor Kec.Margadana Kota Tegal,   Warga Jalan Banyuwangi Rt 05 Rw 01 Kel.Sumurpanggang  Komandan KP IX 1003  https://t.co/fZ4Dwrji1a",-1,-1,0,-1
351,24/11/2021 06:14,Kisbianto1,LAZISMU KOTA TEGAL peduli korban banjir di wilayah kota Tegal  https://t.co/5b2CayHW15,-1,-1,1,-1
352,24/11/2021 03:03,detikcom,"Sejumlah kawasan di Kecamatan Margadana, Kota Tegal, Jawa Tengah, terendam banjir. Banjir ini akibat hujan yang mengguyur kawasan itu selama semalam.  https://t.co/lg762bnq0b",-1,-1,0,-1
353,23/11/2021 22:51,suarapanturacom,"Baru Dibuka, Taman Pancasila Kota Tegal Sudah Ditutup Lagi  https://t.co/BtyPOBPL6a",0,-1,0,-1
355,23/11/2021 22:08,panturapost,"Rumah Masih Tergenang, Seratusan Warga Kota Tegal Bertahan di Pengungsian   https://t.co/QZBvvy7her",-1,-1,0,-1
357,23/11/2021 21:20,kumparan,"Setelah rumahnya tergenang banjir, Selasa (23/11/2021) petang, seratusan warga di tiga kelurahan di Kecamatan Margadana, Kota Tegal, dilaporkan masih mengungsi. #publisherstory  https://t.co/gwaP77mcvq",-1,-1,0,-1
359,23/11/2021 16:45,republikaonline,Curah hujan tinggi dan buruknya drainase mengakibatkan banjir di Kota Tegal.   https://t.co/AZn8W18ojX,-1,-1,0,-1
362,23/11/2021 16:12,jawapos,Kota Tegal Dikepung Banjir  https://t.co/3fjXpI3YdI,-1,-1,0,-1
366,23/11/2021 15:04,FFOODFESS,"info kuliner di kota tegal dan brebes dong fess , kebetulan hari ini dan besok aku ada di 2 kota itu hihi",-1,-1,-1,1
369,23/11/2021 13:56,antaranews,Foto: Curah hujan tinggi dan buruknya drainase mengakibatkan ratusan rumah di sejumlah wilayah Kota Tegal terendam banjir.¬†   https://t.co/34z2R3Ezho,-1,-1,0,-1
372,23/11/2021 12:00,suarapanturacom,"Kota Tegal Rawan Banjir, Pemerintah Malah Fokus Bangun Penerangan Jalan Umum  https://t.co/u2IxJyayYI",-1,-1,0,-1
373,23/11/2021 12:00,suarapanturacom,"Banjir Kota Tegal, ini Dia Ruas Jalan yang tergenang Air  https://t.co/bv8ieB7s0h",-1,-1,0,-1
374,23/11/2021 11:59,suarapanturacom,"Diguyur Hujan Semalam, Beberapa Ruas Jalan Di Kota Tegal Dipenuhi Genangan Air dan Sampah  https://t.co/FW7Lwjg0fc",-1,-1,0,-1
376,23/11/2021 11:34,narkobatglkota,"Polri hadir di tengah masyarakat untuk membantu evakuasi korban banjir Kota Tegal - Di tengah Pandemi Covid-19 yang saat ini melanda seluruh pelosok daerah, kini bencana banjir pun juga mulai melanda sejumlah wilayah di Kota Tegal akibat hujan deras yang mengguyur semalam suntuk  https://t.co/RoRgRVqB9y",-1,-1,1,-1
380,23/11/2021 11:00,sebayu_94FM,"Maman Suherman,Kabid Pariwisata Disporapar Kota Tegal mengatakan pemantauan dilakukan adalah kegiatan rutin setiap tahun, yaitu dengan mendatangi tempat usaha pariwisata seperti hotel, restoran, kafe,tempat karoke,panti pijat dan bioskop.   Selengkapnya di  https://t.co/WJRn10KYiG  https://t.co/zv7OGtSU8r",1,-1,-1,-1
383,23/11/2021 09:29,bellielish,"@tegalfess Minggu kemaren mau vaksin di dinkes yg domisili kota tegal diarahin suruh vaksin di polres, dosis 1 maupun 2. Lgsg aja kesana nder",-1,-1,1,-1
384,23/11/2021 08:01,doel__ali,"Kota Tegal dan Sekitarnya semalaman diguyur hujan deras, banjir dan genangan air seperti biasa ada di sejumlah titik.. Depan rumah Alhamdulillah cepat surut semenjak perbaikan drainase.. air jadi cepat surut tidak seperti sebelumnya..",-1,-1,1,-1
387,23/11/2021 07:19,Dionisius2092,@bmkg_semarang min... wilayah tegal dan kota tegal banyak yg banjir nih,-1,-1,0,-1
388,23/11/2021 06:35,Mersil93,@IndosatOoredoo sinyal indosat di pantura kota tegal kenapa lemot sekali. Jarang 4G. Seringnya sinyal H+ TOLONG DIPERBAIKI JARINGAN INDOSAT DI KOTA TEGAL KHUSUSNYA DI PANTURA. SAYA PELANGGAN  INDOSAT SUDAH 10 TAHUN LEBIH MERASA KECEWA. SINYAL LEMOT. TERIMAKSIH,-1,-1,0,-1
389,23/11/2021 06:34,Mersil93,@IndosatOoredoo sinyal indosat di pantura kota tegal kenapa lemot sekali. Jarang 4G. Seringnya sinyal H+ TOLONG DIPERBAIKI JARINGAN INDOSAT DI KOTA TEGAL KHUSUSNYA DI PANTURA. MAKASIH,-1,-1,0,-1
391,23/11/2021 00:17,fadhitya23,@infomitigasi Bsa diprediksi lama ndak min? Tegal kota sudah banjir dimana¬≤ üò•,-1,-1,0,-1
393,22/11/2021 21:57,GATRA_com,"PPKM Level 3 Serentak, Ruang Publik di Kota Tegal Ditutup Lagi  #ruang #publik #ppkm #level #3 #tegal #libura #natal #dan #tahun #baru #tutup  https://t.co/g0QGbmkfEj",-1,-1,0,-1
397,22/11/2021 18:23,kompascom,"Jelang PPKM level 3 di seluruh Indonesia, Pemerintah Kota Tegal, Jawa Tengah menutup sejumlah ruang publik.  https://t.co/8PoAqqtuhj",-1,-1,0,-1
405,22/11/2021 15:20,tegalfess,[tf] mau liat info pemadaman listrik area kota tegal dimana ya? selain melalui telfon,-1,-1,1,-1
410,22/11/2021 09:07,bank_indonesia,@dortmound157 kami sarankan kamu dapat menghubungi Kantor Perwakilan Bank Indonesia kota Tegal melalui nomor telepon (0283) 350500 agar didapati informasi yang relevan mengenai layanan penukaran uang pecahan kecil.,-1,-1,1,-1
415,21/11/2021 20:17,kumparan,"Rajeg s√©ng sing nutupi Alun-alun Kota Tegal, Jawa Tengah molai diuculi. Tapi senajan wis dibuka, akses lawang manjing √©sih ditutup lan durung olih dikunjungi. #publisherstory  https://t.co/xiQrGwcCMG",-1,-1,0,-1
439,20/11/2021 20:03,kumparan,"Kendati sudah dibuka, namun akses pintu masuk Alun-alun Kota Tegal masih ditutup dan belum boleh dikunjungi oleh masyarakat. #publisherstory  https://t.co/T8B95yeqPl",-1,-1,0,-1
446,20/11/2021 14:18,by1getwan,Ke kota Tegal hanya untuk berwisata kulinerü•≥  https://t.co/YX5Slun1gS,-1,-1,-1,1
451,20/11/2021 08:26,narkobatglkota,Dalam upaya memelihara keamanan dan ketertiban masyarakat di wilayah Kota Tegal terus dilakukan jajaran Polres Tegal Kota dengan membangun komunikasi bersama seluruh komponen masyarakat dan tokoh agama serta para ulama. .  https://t.co/iDmxgcKxRi,-1,-1,1,-1
456,19/11/2021 20:35,kumparan,"Agar kebakaran tidak terulang kembali, Pemerintah Kota (Pemkot) Tegal diminta menyediakan mobil pemadam kebakaran di kawasan pelabuhan. #publisherstory  https://t.co/4XXmvILw8g",-1,-1,1,-1
461,19/11/2021 19:05,tegalfess,"[tf] gais kasih tau yang jual bubur kacang ijo di malem"" di tegal kota dong makasi",-1,-1,-1,1
467,19/11/2021 15:07,elisa_jkt,"KAI ini sedang fokus gusur2 di berbagai kota. Semarang, Tegal dan kini Bandung.  Mungkin perlu korban2 bersatu secara nasional dan gugat KAI? @YLBHI",-1,-1,0,-1
471,19/11/2021 13:56,tegalfess,[TF] Saranin Cafe yg instagramable + makanannya enak daerah tegal kota,1,-1,-1,1
473,19/11/2021 13:41,tegalfess,"[tf] ada yang tau ga dimana yang jual gado"" siang gini di tegal kota? makasi",-1,-1,-1,1
480,19/11/2021 08:14,Araghutama,"Pantai Alam Indah, Kota Tegal, Jawa Tengah.  https://t.co/YRaMcCLWBI",1,-1,-1,-1
491,18/11/2021 19:04,tegalfess,[TF] di tegal kota yg ada japanese fast food kek bento2 gitu di mana ya?,-1,-1,-1,1
507,18/11/2021 14:03,kumparan,Wali Kota Tegal berharap kawasan industri maupun home industri¬† agar memperhatikan akses masuk untuk mobil pemadam kebakaran. #publisherstory  https://t.co/ckpcw78fFy,-1,-1,1,-1
508,18/11/2021 14:00,PramborsSMG,"Kebakaran melanda 15 kapal ikan di galangan kapal Jalan Bali, Kota Tegal, Rabu, 17 November 2021. Kebakaran yang terjadi sekitar pukul 01.30 WIB, ditaksir mengalami kerugian hingga 50 miliar.  Selengkapnya  https://t.co/U32KYlPJOZ  #PramborsNews  https://t.co/t3apSeEQr4",-1,-1,0,-1
509,18/11/2021 13:49,panturapost,Wali Kota Tegal berharap kawasan industri maupun home industri  agar memperhatikan akses masuk untuk mobil pemadam kebakaran.   https://t.co/4az46dMlVv,-1,-1,1,-1
520,18/11/2021 07:09,ElshintaDotcom,Polisi selidiki kebakaran belasan kapal di Kota Tegal  https://t.co/RtKFZGcz8J,-1,-1,1,-1
521,18/11/2021 06:34,RadioElshinta,Polisi selidiki kebakaran belasan kapal di Kota Tegal.   https://t.co/zjBlFY93q6,-1,-1,1,-1
522,18/11/2021 00:43,indozonemedia,"Polisi turun tangan menyelidiki kasus terbakarnya belasan kapal di dua galangan di Kelurahan Mintaragen, Kota Tegal, Rabu (17/11).  https://t.co/0XnXi557g0",-1,-1,1,-1
523,17/11/2021 23:08,KompasTV,"Belasan Kapal di Pelabuhan Kota Tegal Hangus Dilahap Api, Polisi Masih Selidiki Sebab Kebakaran  https://t.co/qkpV9Ww0u5  https://t.co/D4kXpjEZYg",-1,-1,1,-1
529,17/11/2021 21:32,lampungpost_,"Pihak Kepolisian Daerah Jawa Tengah masih melakukan penyelidikan atas terbakarnya belasan unit kapal di Kota Tegal, Jawa Tengah. #kapalterbakar #kebakaran #kebakarankapal #kapalterbakar #tegal #lampostco   https://t.co/iHpnu1d6jA",-1,-1,1,-1
531,17/11/2021 21:02,monologis_id,Polisi melakukan penyelidikan terkait kebakaran yang terjadi dua galangan kapal di Kota Tegal yaitu milik PT Tegal Shipyard Utama (TSU) dan CV Sumber Pangan Tegal.   https://t.co/m9fofrJN7Z,-1,-1,1,-1
533,17/11/2021 20:37,kumparan,"Gubernur Jawa Tengah, Ganjar Pranowo telah memerintahkan jajarannya untuk segera melakukan assessment dan pengecekan peristiwa kebakaran kapal di Kota Tegal, Rabu (17/11/2021). #publisherstory  https://t.co/Q7iVkTjOlr",-1,-1,1,-1
534,17/11/2021 20:30,jawapos,Polisi Selidiki Kebakaran Belasan Kapal di Kota Tegal  https://t.co/9Ktzs00JeM,-1,-1,1,-1
535,17/11/2021 20:26,FirmRei,"Api Berhasil Dipadamkan, Polisi Selidiki Penyebab Terbakarnya 13 Kapal di Kota¬†Tegal  https://t.co/Xb4q97RnMF",-1,-1,1,-1
537,17/11/2021 20:17,cendananews,Kebakaran Belasan Kapal di Kota Tegal Diselidiki¬†Polisi  https://t.co/IfznAeBa7z,-1,-1,1,-1
538,17/11/2021 20:16,potensi_bisnis,"Kebakaran Kapal di Kota Tegal, Ganjar Intruksikan Dinas KKP Segera Bereskan  https://t.co/53LsHJMAJF",-1,-1,1,-1
539,17/11/2021 20:15,AwalMediaN,Polisi Selidiki Penyebab Terbakarnya 13 Kapal di Dua Galangan Kapal Kota Tegal -  https://t.co/Gh5QL1tgi7   #AwalMediaNusantara #Berita,-1,-1,1,-1
540,17/11/2021 20:15,radarmasnetwork,Kebakaran Hanguskan 14 Kapal Nelayan di Kota Tegal #HeadlineNews #Insiden #JawaTengah  https://t.co/O6P1eOuqN9,-1,-1,1,-1
541,17/11/2021 20:14,KPUKotaTegal,"diikuti oleh 100 siswa siswi dari SMA Negeri Kota Tegal.  Simak lengkapnya di IG TV KPU Kota Tegal ya Jadilah pemilih cerdas‚Ä¶gunakan hak pilihmu, pilihanmu menentukan masa depan bangsa.  #KPUMelayani #bakohumaskpujateng  #pemilihpemula  #pemilu2024",-1,1,-1,-1
543,17/11/2021 20:08,aktualofficial,Polisi Selidiki Penyebab Kebakaran Belasan Kapal di Kota¬†Tegal  https://t.co/gpjLC5kuGM,-1,-1,1,-1
546,17/11/2021 19:32,IdMatakita,Polisi Selidiki Penyebab Terbakarnya 13 Kapal di Kota¬†Tegal  https://t.co/UKZR7SC3f8,-1,-1,1,-1
547,17/11/2021 19:26,mediaindonesia,Ganjar Respons Cepat Kebakaran Kapal Nelayan di Kota Tegal   https://t.co/JJg0rlGGxa,-1,-1,1,-1
548,17/11/2021 19:18,voidotid,Gubernur Jawa Tengah Ganjar Pranowo menginstruksikan Kepala Dinas Kelautan dan Perikanan Fendiawan Triskiantoro bergerak cepat melihat kondisi dan membantu nelayan yang menjadi korban kebakaran belasan kapal di Pelabuhan Kota Tegal.  https://t.co/D7r251VHGd,-1,-1,1,-1
550,17/11/2021 18:18,kumparan,"Sejauh ini, polisi telah memeriksa empat orang saksi atas peristiwa itu. Menurutnya, ada dua galangan kapal di Kota Tegal terbakar yaitu milik PT Tegal Shipyard Utama (TSU) dan CV Sumber Pangan Tegal.  https://t.co/xLRc5I7jKu",-1,-1,1,-1
551,17/11/2021 18:10,inewsdotid,Ganjar Pranowo merespons laporan para nelayan terkait kebakaran kapal di galangan kompleks Pelabuhan Kota Tegal.   https://t.co/1rO5RhH6vi.,-1,-1,1,-1
555,17/11/2021 17:24,Jateng_Twit,"Kebakaran kapal di Pelabuhan Kota Tegal, Jawa Tengah akhirnya padam setelah lebih dari 12 jam api berkobar.  https://t.co/kx5CeZ3y42",-1,-1,0,-1
560,17/11/2021 16:56,RadioRasika,"Gubernur Jawa Tengah Ganjar Pranowo telah memerintahkan jajarannya untuk segera melakukan assessment dan pengecekan peristiwa kebakaran kapal yang terjadi di Kota Tegal, Rabu (17/11). Laporan tentang kebakaran tersebut, diterima Ganjar langsung dari par...  https://t.co/TqiiPSm841",-1,-1,1,-1
570,17/11/2021 14:28,klubbukupetra,"Novel yang telah diterbitkan sejak November 2019 lalu ini mengambil latar pada Banjar Tegal Sirah, sebuah desa yang merupakan bagian dari Kota Carik di Bali yang tak luput dari tragedi genosida di tahun 1965...",1,-1,-1,-1
575,17/11/2021 11:55,narkobatglkota,Edukasi Tertib Lalu Lintas Dan Prokes Kepada Satgas Covid-19 Pelajar Se Kota Tegal . . @humas_poldajateng @humas_polresta_tegal @satlantastegalkota  https://t.co/0QSqu2kSxH,-1,-1,1,-1
579,17/11/2021 11:08,kumparan,"Hingga 10.30 WIB, api masih membakar kapal-kapal di Galangan Kota Tegal. Mobil Damkar kesulitan akses masuk ke lokasi. #publisherstory  https://t.co/exRqRAkKlI",-1,-1,0,-1
580,17/11/2021 10:50,medcom_id,Belasan Kapal di Kota Tegal Terbakar  https://t.co/8FurRrNs9U via @medcom_id #CekDuluMedcom #carabarumenikmatimedcom,-1,-1,0,-1
581,17/11/2021 10:44,Radar_Cirebon,"TEGAL - Kebakaran melalap 15 kapal yang sedang diparkir di galangan kapal, Jalan Bali Kota Tegal. Api masih belum berhasil dijinakan hingga  https://t.co/PqCNPVae17",-1,-1,0,-1
582,17/11/2021 10:41,mediaindonesia,"KEBAKARAN terjadi di kawasan galangan kapal di Kota Tegal Jawa Tengah, Rabu (17/11) pagi, menyebabkan belasan kapal ludes terbakar.   https://t.co/sQHqZ3SKoe",-1,-1,0,-1
594,17/11/2021 06:24,Sumarnotegal,Yuhh pemerintah kota Tegal ageh ageh natani kawasan pantai muaraanyar eben ana kemajuan neng desane lan dadi kemajuan kota tegale üèñÔ∏èüôè @sandiuno @ganjarpranowo @disporaparjtg @PemkotTegal @MJJumadi @destinasipariwisatategal @bappedakotategal @disperkimkotategal @dpuprkotategal  https://t.co/HcCSz2rHj7,1,-1,0,-1
597,16/11/2021 21:26,KPUKotaTegal,Kegiatan ini diikuti oleh 100 siswa dari SMA Negeri 1 Kota Tegal dan akan dilaksanakan selama tujuh hari kedepan dengan tempat dan peserta yang berbeda- beda.  Penasaran kan?Tunggu kedatangan kami yaa..  Yuk ikuti terus kegiatannya di IG TV KPU Kota Tegal.  #KPUMelayani,-1,1,-1,-1
599,16/11/2021 21:03,mayfat_,Baru saja mengirim foto @ Taman Pancasila Kota Tegal  https://t.co/yr19FVQ4aO,1,-1,-1,-1
600,16/11/2021 20:45,kumparan,"Rumah-rumah warga di Kel. Margadana dan Cabawan, Kecamatan Margadana, Kota Tegal, yang juga dikenal sebagai Kampung Warteg, Selasa (16/11/2021), disweeping Satgas COVID-19 Kota Tegal. #publisherstory  https://t.co/p4IpYnb9sW",1,-1,-1,1
625,16/11/2021 09:50,PemkotTegal,"Wali Kota Tegal, H. Dedy Yon Supriyono menyebut Kemah Sastra dapat menumbuhkan minat baca dan tulis pelajar terhadap sastra melalui workshop penulisan sastra, praktek penulisan sastra hingga lomba penulisan cerpen.  https://t.co/dWAlaK7KV9",-1,1,-1,-1
626,16/11/2021 09:50,PemkotTegal,"Wali Kota Tegal, H. Dedy Yon Supriyono bersama 33 orang menerima penghargaan dalam rangka Hari Kesehatan Nasional (HKN) ke-57 Tahun 2021.  https://t.co/TL5YXUZnUB",-1,1,-1,-1
628,16/11/2021 09:33,kompascom,"Polisi meringkus seorang paman di Kota Tegal, Jawa Tengah, yang tega mencabuli keponakan yang masih di bawah umur.  https://t.co/KmYJ5YVXU5",-1,-1,1,-1
629,16/11/2021 08:44,beritapanturaid,Wali Kota Tegal Berharap Kemah Sastra Tumbuhkan Minat Baca Tulis¬†Pelajar  https://t.co/nsy3uI2pbR,-1,1,-1,-1
630,16/11/2021 08:04,beritapanturaid,Ngontel Bareng Kosti Jelajahi Bangunan Bersejarah Kota¬†Tegal  https://t.co/zSxqLS3OnI,1,-1,-1,-1
631,16/11/2021 07:56,beritapanturaid,Polres Tegal Kota dan OJK Sepakat Berantas Investasi dan Pinjol¬†Ilegal  https://t.co/LukaVxYC4e,-1,-1,1,-1
635,16/11/2021 06:51,HangoutYuk,"Wisata Guci Tegal, Rileks Sejenak Di Pemandian Air Panas Kota Ngapak  https://t.co/tir4UYRVp4  https://t.co/spaNXRUtWI",1,-1,-1,-1
639,15/11/2021 21:43,panturapost,"Progres Proyek ‚ÄúMalioboro‚Äù Baru 17 Persen, Sekda Kota Tegal Optimistis 25 Desember Rampung   https://t.co/u5oTQ3SapT",1,-1,1,-1
654,15/11/2021 13:10,sebayu_94FM,Proyek pembangunan jalan Ahmad Yani Kota Tegal yang membuat trotoar dengan lebih lebar di pinggir kanan dan kirinya sampai hari ini Senin (15/11) baru mencapai 17%.  Selengkapnya di  https://t.co/WJRn10KYiG  https://t.co/s2HVZIQio0,-1,-1,0,-1
664,14/11/2021 20:08,infotegal,"Selamat kepada peserta yang lulus tahapan seleksi CASN 2021 pada Seleksi Kompetensi Dasar (SKD) serta Seleksi Kompetensi (Selkom) PPPK di Instansi Kabupaten dan Kota Tegal.  Untuk pengumumannya, bisa juga dilihat dan diunduh di alamat:   https://t.co/NCy0PXWOfl  https://t.co/0JkVKd0Yzs",-1,1,-1,-1
665,14/11/2021 20:08,panturapost,Rombongan menjelajah 5 bangunan bersejarah di Kota Tegal.   https://t.co/UAuZyuGd6N,1,-1,-1,-1
666,14/11/2021 19:02,tegalfess,"guys rekomen angkringan area tegal kota yang worth it dongg, tia‚ô° [tf]",1,-1,-1,1
669,14/11/2021 17:32,imam_bepe,"liat konten IG kuliner tegal ternyata usaha rmh mkn sate kambing subur bgt tumbuh disini, kaya ga ada abiznya lah wkwk klo temen dr luar kota nanya sate mana yg enak, tinggal jawab mau yg harganya berapa hehe",-1,-1,-1,1
674,14/11/2021 13:26,RudyHar45774547,"@ganjarpranowo tanggul jebol di daerah desa jeruk sari kabupaten pekalongan. Dampaknya sampai ke desa tegal dowo,desa pasir sari kec.pasirkratonkramat kel.pekalongan barat kota pekalongan  https://t.co/rxkWlVVOTy",-1,-1,0,-1
678,14/11/2021 10:48,tegalfess,[tf] rekomendasi ketoprak yg ada telurnya daerah tegal kota dong hehe Maaciww,-1,-1,-1,1
679,14/11/2021 10:08,tegalfess,[tf] rekomen makanan yg enak jam segini di kota tegal plissss,-1,-1,-1,1
691,13/11/2021 08:50,tegalfess,"Tolong rekomendasikan coffeshop di Tegal kota/ Kabupaten yang buka 24 jam dong, terima kasih [tf]",1,-1,-1,1
700,12/11/2021 14:37,kumparan,Belum diketahui apa penyebab pasti rusaknya fasilitas umum di jantung Kota Tegal itu. #publisherstory  https://t.co/bXqEhcIalp,-1,-1,0,-1
715,11/11/2021 22:37,panturapost,"Satuan Tugas (Satgas) Penanganan COVID-19 Kelurahan Bandung, Kecamatan Tegal Selatan, Kota Tegal terus melakukan razia menyasar warga yang belum divaksin.   https://t.co/7HUXbmyUx4",-1,-1,1,-1
718,11/11/2021 22:04,Sumarnotegal,"Pantai muaraanyar KOTATEGAL belum ada respon dari dinas disporaparkotategal dan bappedakotategal maupun dinas terkait, sangat di sayangkan terhadap tanah air Pertiwi kotaTegal, hanya di abaikan jangan salahkan bila kami tidak percaya kepada pemerintah kotaTegal @ganjarpranowo  https://t.co/JXeuM1bLHP",-1,-1,0,-1
727,11/11/2021 15:34,Tirtoe,@IndosatCare Jaringan di kota tegal error min?,-1,-1,0,-1
736,11/11/2021 11:11,Nooraziza1Noor,Destinasi kota Tegalüê£‚ò∫  https://t.co/z9VI7lWjKd,1,-1,-1,-1
739,11/11/2021 10:06,dukcapilslawi,proses rekam biomterik KTP-el Luar Domisili warga Kota Bogor di Disdukcapil Kabupaten Tegal  https://t.co/qOpRVcgRJ8,-1,-1,1,-1
765,10/11/2021 11:42,narkobatglkota,"Polri melayani sepenuh hati, dalam membantu lansia mendapatkan vaksinasi Covid-19 yang di gelar di halaman Mapolres Tegal Kota. Rabu (10/11/21). . #ayovaksinlur #ayovaks√¨ncovid19 @humas_poldajateng  @humas_polresta_tegal  @bharetta_id  @satlantastegalkota  https://t.co/eqTLgt1g0j",-1,-1,1,-1
778,09/11/2021 18:23,tegalfess,[tf] saranin cafe area tegal kota yg enak buat nugas sendirian,1,-1,-1,-1
782,09/11/2021 17:09,infotegal,"Kalau tiap sudut kota ada taman kecil/mini seperti ini, bisa menambah keindahan sudut kota, apalagi yang lokasinya cukup strategis, seperti perempatan gantung dengan monumen laka-laka-nya.  Mudah2an semua taman yang ada di kota #tegal bisa terawat dengan baik, ya.  #slawi  https://t.co/efyMZXECOY",1,-1,-1,-1
793,09/11/2021 10:32,sebayu_94FM,"Dibukanya Taman Pancasila berdampak positif terhadap sektor ekonomi masyarakat Kota Tegal, khususnya pelaku UMKM.  Selengkapnya di  https://t.co/WJRn10KYiG  https://t.co/uj0xmhYaPk",1,-1,-1,-1
794,09/11/2021 10:28,sebayu_94FM,"Setelah sempat di tutup akibat pandemi Covid-19, kini Taman Poci Kota Tegal sudah kembali dibuka sejak awal tahun 2021. Salah satu destinasi wisata yang terletak di Jalan Kolonel Sudiarto, Panggung, Kota Tegal, Jawa Tengah.  Selengkapnya di  https://t.co/WJRn10KYiG  https://t.co/jIbFN9hm9W",1,-1,-1,-1
798,08/11/2021 20:12,kumparan,"Senajan Kota Tegal wis nerapna PPKM L√©vel 1, Obj√©k Wisata Pantai Alam Indah (PAI) sing tetep mbatesi jumlah pengunjung√©. #publisherstory  https://t.co/eTqBRYlhLE",1,-1,-1,-1
806,08/11/2021 16:03,kumparan,"Jalan Ahmad Yani, Kota Tegal diberlakukan sistem satu arah sejak 3 November 2021 lalu dari selatan ke utara. #publisherstory  https://t.co/yYCSe9wIkB",-1,-1,1,-1
807,08/11/2021 15:35,tegalfess,[TF] ada yang tau ga yg jual kunir asem jam seginian di tegal kota? Makasii,-1,-1,-1,1
814,08/11/2021 11:05,tegalfess,Lagi nyari kue ulang taun yang ditarik ada duitnya daerah sekitar kab. Tegal or tegal kota dimana yaa yang jual [tf] thanks,-1,-1,-1,1
818,08/11/2021 08:29,KPUKotaTegal,"(5/11) KPU Kota Tegal melepas mahasiswa magang Universitas Pancasakti Tegal, yaitu mahasiswa Wahyu Utomo, Arlieza Abby Fatah dan Anandya Pitalokananta yang ketiganya berasal dari Fakultas Ekonomi.   Selama magang mereka belajar tentang kepemiluan dan berbagai  https://t.co/RET0tG4GEB",-1,1,-1,-1
832,07/11/2021 03:34,Sumarnotegal,PANTAI MUARA ANYAR üèñÔ∏è  berlokasi jln.Brawijaya kel.muarareja RW.03 kec.tegal barat butuh dukungan dan bantuan dari kepemerintahan kotaTegal dan provinsiJateng üôè @sandiuno @ganjarpranowo @disporaparjtg @PemkotTegal @pariwisatategal @bappedakotategal @disperkimkotategal  https://t.co/M8kJ8D9TAk,1,-1,-1,-1
842,06/11/2021 11:57,tegalfess,[tf] gais info yang jual rujak kangkung sedep enak di sekitaran mejasem atau tegal kota dong makasiii,-1,-1,-1,1
851,06/11/2021 05:18,khafidpoenya,Alun¬≤ kota Tegal  https://t.co/a9oWXDO45J,1,-1,-1,-1
874,04/11/2021 16:16,tegalfess,"[tf] ayam geprek yg beneran digeprek sama sambelnya dimana ya, kebanyakan ayam ditumbuk doang abis itu kasih sambel di atasnya, info dong, tegal kota atau mentok mejasem ya, mksh",-1,-1,-1,1
911,03/11/2021 13:26,isrdotcom,"Penerapan sistem satu arah di Jalan Ahmad Yani Kota Tegal akan diberlakukan mulai hari ini, 3 November 2021 pukul 06:00 WIB.    https://t.co/ohHCAS2BM9",-1,-1,1,-1
913,03/11/2021 10:58,doel__ali,"Ini sudah dilakukan di Kota Tegal, kemaren Om saya yg sekarang diluar kota aja dapet surat panggilan khusus untuk vaksin dari pihak kelurahan..  https://t.co/vw64NDrFGb",-1,-1,1,-1
914,03/11/2021 10:08,sebayu_94FM,"Vaksinasi covid-19 untuk peserta didik yang bersekolah di Kota Tegal sudah mencapai 99%. Siswa yang sudah berusia paling rendah 12 tahun dari tingkat SD, SMP, SMA hingga mahasiswa di perguruan tinggi harus mendapatkan vaksinasi covid-19.  Selengkapnya di  https://t.co/AtDJuATn4X  https://t.co/SdGTpRJeox",-1,1,-1,-1
920,03/11/2021 07:39,panturapost,"Pemberlakuan satu arah dari arah selatan ke utara di kawasan yang akan dijadikan ""Malioboro""-nya Kota Tegal itu akan diberlakukan seterusnya.   https://t.co/X5H5h54aKX",-1,-1,1,-1
930,02/11/2021 18:42,tegalfess,[TF] spot mancing neng tegal sing jos neng ndi? sing perek kota bae,1,-1,-1,-1
933,02/11/2021 17:06,kumparan,"Pemberlakuan satu arah dari arah selatan ke utara di kawasan yang akan dijadikan ""Malioboro""-nya Kota Tegal itu akan diberlakukan seterusnya. #publisherstory  https://t.co/QCDx1UQUo4",-1,-1,1,-1
968,01/11/2021 18:25,maulana696969,Proyek 'Malioboro' Kota Tegal Terus Dikebut  https://t.co/L1sZzk7tqh,-1,-1,1,-1
969,01/11/2021 18:21,panturapost,"Ditargetkan Selesai 20 Desember, Proyek ‚ÄúMalioboro‚Äù Kota Tegal Terus Dikebut  https://t.co/zLX2qxoUvV",-1,-1,1,-1
970,01/11/2021 18:21,irsyamdata,"Ikuti Aturan Kemenkes, Biaya Tes PCR di RSUD Kardinah Kota Tegal Turun Jadi Rp 275.000  https://t.co/5BCyswCFfv",-1,-1,1,-1
988,01/11/2021 08:05,imam_bepe,"Penasaran sama preman yg mengelola parkir di PAI, coba polres tegal kota berani buka gak? üòÇ",-1,-1,0,-1
996,31/10/2021 15:50,narkobatglkota,"Dalam rangka pengawasan PPKM Level 1, jajaran Polres Tegal Kota terus meningkatkan patroli untuk mengingatkan masyarakat dalam penerapan Disiplin Prokes sebagai upaya mencegah penyebaran Covid-19 di Kota Tegal . @humas_poldajateng @humas_polresta_tegal  https://t.co/9QnQiavLKw",-1,-1,1,-1
997,31/10/2021 15:48,narkobatglkota,Info Pelayanan Vaksinasi COVID-19 di Polres Tegal Kota .  Melayani Vaksinasi Dosis 1  .  Syarat dan ketentuan membawa KTP (domisili Kota Tegal) . cegahcovid19 ayovaksinlur @humas_poldajateng @humas_polresta_tegal  https://t.co/gvSUyxTs8G,-1,-1,1,-1
998,31/10/2021 15:24,om_wsp,"Dalam rangka pengawasan PPKM Level 1, jajaran Polres Tegal Kota terus meningkatkan patroli untuk mengingatkan masyarakat dalam penerapan Disiplin Prokes sebagai upaya mencegah penyebaran Covid-19 di Kota Tegal . @bidhumas_jtg @tegal100  https://t.co/bVlD5EGb7w",-1,-1,1,-1
1001,31/10/2021 12:37,infotegal,"Sudah jarang banget nih Es Sagwan yang warnanya coklat, kebanyakan warnanya merah muda. Nah salah satu yang masih bisa ditemui adalah yang ada di sebelah PMI Kota Tegal (Jl. Aiptu KS. Tubun) . Harganya juga masih murah meriah, 7k (dine in) dan 6k (take away).  https://t.co/vlB5kZevWL",-1,-1,-1,1
1011,30/10/2021 12:34,tegalfess,[Tf] yang pernah perpanjang SKCK domisili tegal kota gimana prosedurnya? SKCK ku udah mati 2thn lebih. Makasih yang udah jawab :),-1,-1,1,-1
1017,30/10/2021 08:33,narkobatglkota,"Guna menciptakan Herd Imunnity Bhabinkamtibmas bersinergi dengan Satgas PPKM ditingkat Kelurahan, melaksanakan kegiatan Vaksinasi secara door to door kepada warga masyarakat  yang belum melaksanakan vaksin di sejumlah wilayah Kota Tegal. . ==========================  https://t.co/BfmV0YhdAr",-1,-1,1,-1
1031,29/10/2021 14:55,kumparan,Masyarakat kini bisa mendapatkan layanan poliklinik di luar jam operasional di RSUD Kardinah Kota Tegal. #pblisherstory  https://t.co/wNghzQSHK4,-1,-1,1,-1
1032,29/10/2021 14:04,tegalfess,"[TF] Rekomendasi dong tempat ngopi atau nongki yang asik di tegal kota maupun kabupaten, hehe suwunn",1,-1,-1,1
1038,29/10/2021 10:47,_boileen,Pengen onigiri ü§§ pernah muter2 sampe tegal kota tp ga nemu juga üòÖ,-1,-1,-1,0
1047,28/10/2021 20:17,GATRA_com,"Ruang Publik di Kota Tegal Mulai Dibuka, Pengunjung Wajib Vaksin  #pemerintah #kota #pemkot #tegal #jawa #tengah #ppkm #ruang #publik #divaksin  https://t.co/8nPoIIFbed",-1,-1,1,-1
1049,28/10/2021 19:16,GATRA_com,"Ringankan Beban Pandemi, IKASMA Beri Beasiswa Puluhan Siswa  #kota tegal #covid #19 #beasiswa  https://t.co/GN0OZz35hq",-1,1,-1,-1
1050,28/10/2021 19:10,kumparan,Taman Pancasila yang berada di depan Stasiun Kereta Api Kota Tegal secara resmi dibuka untuk masyarakat umum. #publisherstory  https://t.co/1uA5DAfKwk,-1,-1,1,-1
1051,28/10/2021 18:26,kompascom,"Taman Pancasila yang berada di kawasan Alun-alun Kota Tegal, Jawa Tengah, kembali dibuka untuk masyarakat umum, Kamis (28/10/2021).  https://t.co/LhwXMICvw3",-1,-1,1,-1
1053,28/10/2021 17:57,tglinfo1,"Gambar kerja JL. A Yani #kotategal sebelum dan sesudah revisi, jadi tetap ada parkir di sepanjang Jalan Ahmad Yani ya.  https://t.co/8ONyxbWjSu",-1,-1,0,-1
1055,28/10/2021 17:43,tegalfess,"[TF] Rekomen tempat wifian (jangan cafe) di tegal kota, kalo bisa yang buka sampe malem",1,-1,-1,-1
1056,28/10/2021 17:35,tegalfess,[TF] Gaiss siomay yg enak dimana ya? area tegal kota,-1,-1,-1,1
1059,28/10/2021 17:03,Puskapikcom,Puluhan Siswa SMA 1 Kota Tegal Terdampak Covid-19 Terima¬†Beasiswa  https://t.co/1exXLqRBjy,-1,1,-1,-1
1078,28/10/2021 07:22,lewatmana,"Tol Dalam Kota dr Cawang menuju Semanggi macet, tersendat di Exit Tegal Parang &amp;amp; Polda. #JKTT  https://t.co/c58YpTLyGa (via @nabilaaII)",-1,-1,0,-1
1079,28/10/2021 07:22,nabilaaII,"@lewatmana Tol Dalam Kota dr Cawang menuju Semanggi macet, tersendat di Exit Tegal Parang &amp; Polda. #JKTT  https://t.co/aTB5fBCrkB",-1,-1,0,-1
1083,27/10/2021 19:59,kumparan,"Tim Resmob Polres Tegal Kota akhir√© nangkep pasangan lanang wadon sing inisial√© FMN (25) lan ARP (22) warga Kecamatan Tegal Barat, Kota Tegal sawis√© njambr√©t HaP√© nd√©k√© warga. #publisherstory  https://t.co/PoEfVPBlwv",-1,-1,1,-1
1085,27/10/2021 19:23,quro_v,"Lalu hadir kereta cepat JKT Bdg, stasiun akhir tegal luar, itu ada di wilayah kabupaten, selatan kota bdg, jalan dan transportasi ke sana? Ada angkot ke Komplek GBA dan jalan kecil. APBD Kab Bdg? ga bakal sanggup bikin buat bikin jalan baru dan lebar.",-1,-1,1,-1
1092,27/10/2021 15:34,GATRA_com,Ini Langkah Kota Tegal Antisipasi Gelombang Ketiga Covid-19  #gelombang ketiga #covid #19 #kota tegal  https://t.co/vKp4iJf4w1,-1,-1,1,-1
1095,27/10/2021 13:21,IdMatakita,Pelajar SMP Negeri 1 Raih Medali Emas dan Perak di Popda Tingkat Kota Tegal Tahun 2021 Bidang Cabang Olahraga¬†Taekwondo  https://t.co/gaRVfyCRCA,-1,1,-1,-1
1112,26/10/2021 16:02,infotegal,"Kalau lagi ke PAI, jangan lupa mampir juga ke tempat ini. Hutan Kota Mintaragen. Tempatnya adem dan yang suka rerimbunan pohon maupun kesunyian juga pas banget.  Eh ternyata sudah sore, waktu cepet banget berlalu ya sobat.  #Tegal #infotegal #wisatategal  https://t.co/EYOGBpAbRG",1,-1,-1,-1
1116,26/10/2021 14:31,LSumpang,"Polres Tegal Kota yang diwakili oleh Kabag SDM Kompol Pujiningsih,S.H.,M.H menyerahkan bansos dari alumni AKABRI 1990 terhadap korban meninggal karena Covid -19.  @humas_polresta_tegal_kota @SDMPolresTegalkota  https://t.co/DolfFgLVfS",-1,-1,1,-1
1123,26/10/2021 11:59,LSumpang,"Kapolres Tegal kota bersama tiga pilar secara intensif menggelar Patroli selama PPKM berlangsung.Selain menegur dan penertiban,sejumlah warga dan pelaku usaha terpaksa ditindak petugas karena melanggar Prokes maupun aturan operasional sesuai Surat edaran Walikota Tegal .  https://t.co/bMf2Gpfh3l",-1,-1,1,-1
1129,26/10/2021 10:21,Babonbonbon1,@IndiHomeCare mau laporan gangguan untuk klinik utama dipta kota tegal min,-1,-1,1,-1
1137,25/10/2021 20:02,kumparan,"Keberatan dengan pencopotan sejumlah spanduk bernada kritikan oleh Satpol PP Kota Tegal , P3 JAYA akan melayangkan somasi kepada Kepala Satpol PP Kota Tegal, Hartoto. #publisherstory  https://t.co/pnLz02kRmj",-1,-1,0,-1
1142,25/10/2021 17:04,sebayu_94FM,"Kerja keras personil dari Polres Tegal Kota dan berkat laporan dari masyarakat, berhasil mengungkap 3 kasus sekaligus.  Selengkapnya di  https://t.co/WJRn10KYiG  #kasus #polrestegal #sebayu #kotategal #tegal  https://t.co/FOIs0GVPX1",-1,-1,1,-1
1157,24/10/2021 18:23,Yuni00609296,"@pdam_kotategal Air PDAM area Lebaksiu dari jam 09.00 sampe sekarang 18.30 belum nyala, Mohon penjelasanya sampe kapan paküôè Kerepotan bagi saya yang hanya mengandalkan PDAM tanpa ada sumber air lainya .",-1,-1,0,-1
1162,24/10/2021 11:58,narkobatglkota,"Dalam rangka menjaga kelestarian lingkungan khususnya di wilayah perairan pantai, Polres Tegal Kota bersama Komite Nasional Pemuda Indonesia (KNPI) dan elemen masyarakat Kota Tegal melaksanakan aksi bersih-bersih di kawasan Obyek Wisata Pantai Alam Indah. Minggu (24/10/21) pagi .  https://t.co/uaxQG0q4k2",-1,-1,1,-1
1163,24/10/2021 11:19,LSumpang,"Dalam rangka menjaga kelestarian lingkungan khususnya di wilayah perairan pantai, Polres Tegal Kota bersama Komite Nasional Pemuda Indonesia (KNPI) dan elemen masyarakat Kota Tegal melaksanakan aksi bersih-bersih di kawasan Obyek Wisata Pantai Alam Indah. Minggu (24/10/21) pagi  https://t.co/4nAil15ZSf",-1,-1,1,-1
1164,24/10/2021 11:05,kumparan,"Sejumlah rumah dan toko di sepanjang Jalan Ahmad Yani Kota Tegal, Minggu (24/10/2021) pagi, memasang spanduk protes terhadap proyek City Walk ""Malioboro"" yang terus dikerjakan. #publisherstory  https://t.co/gkEkjyAYEF",-1,-1,0,-1
1165,24/10/2021 10:54,abdulhofir,"@infotegal Jogging track nya kurang panjang, Min. Kalau boleh kasih masukan, contohlah Kota Padang yg menggarap tepi pantainya dg baik sampai akhirnya jadi destinasi wisata yg sangat menarik turis baik domestik maupun mancanegara. Saya asli Tegal, kerja di Padang. Salam.",1,-1,0,-1
1176,23/10/2021 18:03,narkobatglkota,"Persiapan dalam menghadapi potensi¬†banjir¬†pada musim penghujan, Kapolres Tegal Kota melakukan pengecekan kondisi sarana dan prasarana yang dapat digunakan sebagai tempat penanggulangan bencana banjir.  https://t.co/0RclRJRNZF",-1,-1,1,-1
1177,23/10/2021 18:00,narkobatglkota,"Kapolres Tegal Kota AKBP Rahmad Hidayat, S.S hadiri acara penanaman pohon mangrove di Pantai Muara Anyar Kel. Muarareja Kota Tegal. Sabtu (23/10/21) pagi .  https://t.co/tiG6O5fF11",1,-1,1,-1
1180,23/10/2021 12:32,polisi_brebes,"Dalam menjaga kamtibmas di wilayah hukum Polres Brebes upaya preventif terus dilakukan untuk menekan angka kejahatan yang dilakukan di malam hari, kegiatan patroli kali ini di lakukan sepanjang jalan pantura brebes dan juga perbatasan Tegal Kota dengan kabupaten Brebes  https://t.co/mfHfeG1Qsz",-1,-1,1,-1
1187,23/10/2021 10:27,kumparan,Sejumlah sopir angkutan kota (angkot) mengaku keberatan dengan rencana penerapan sistem satu arah di Jalan Ahmad Yani Kota Tegal.¬†#publisherstory  https://t.co/qqFDlQqGi4,-1,-1,0,-1
1190,23/10/2021 01:07,KesbangpolTegal,Bakesbangpol Kota Tegal telah membentuk FKDM sebagai bukti atas peran serta masyarakat dalam meningkatkan kewaspadaan dini di masyarakat. Selain itu jg telah dikembangkan sistem pelaporan bebasis WEBSITE yang di namamkan SIP DEDIKASI.,-1,-1,1,-1
1203,22/10/2021 15:43,dtlpoldajateng,"Laporan situasi arus lalu lintas di wilayah hukum Polres Tegal Kota  Kasat Lantas Polres Tegal Kota Akp Aryanindita Bagasatwika M, SIK, MH melaporkan situasi arus lalu lintas di Simpang Jalan KS Tubun Kota Tegal  pada hari Rabu tanggal 20 Oktober 2021 pukul 13.00 WIB  https://t.co/JZ0dTXDzyQ",-1,-1,1,-1
1208,22/10/2021 14:08,Lia_nrlyh,@BurgerKing_ID Kapan buka di kota Tegal min?,-1,-1,-1,1
1226,22/10/2021 04:50,b_ok_is,Anak-anak pembelajar di Taman Bacaan Masyarakat (TBM) Sakila KertI di terminal bis kota dan juga di Pantai Indah Kota Tegal mendapatkan tafsir Al Quran dari Kang @maman1965  https://t.co/jnYKlxPRm8,-1,1,-1,-1
1243,21/10/2021 15:51,tegalfess,"[tf] guys info yg jual kerupuk seblak daerah tegal kota, yg ukuran kecilan aja",-1,-1,-1,1
1245,21/10/2021 15:12,PemkotTegal,Pemerintah Kota Tegal menggelar Tasyakuran di Taman Pancasila Kota Tegal.  https://t.co/o9ijKlHrOv,1,-1,-1,-1
1248,21/10/2021 15:09,PemkotTegal,"Wali Kota Tegal, H. Dedy Yon Supriyono mengapresiasi Penyaluran Bantuan Tunai Pedagang Kaki Lima dan Warung (BTPKLW) kepada 1000 penerima oleh TNI melalui Kodim 0712/Tegal.  https://t.co/eQjue6Y69u",-1,-1,1,-1
1279,20/10/2021 17:05,kumparan,Kapolres Tegal Kota meminta masyarakat untuk berani melapor jika memang merasa menjadi korban pinjol ilegal. #publisherstory  https://t.co/aNneAYiRhL,-1,-1,1,-1
1285,20/10/2021 12:37,GATRA_com,"PPKM Turun Level 1, Sarana Publik di Kota Tegal Mulai Dibuka  https://t.co/5Cuk68OpcR",-1,-1,1,-1
1289,20/10/2021 10:16,kpknl_tegal,"Atas penghargaan ini,  Bakeuda Kota Tegal mengucapkan terima kasih kpd KPKNL Tegal atas penghargaan serta kerjasama yg tlh terjalin selama ini sehingga sangat membantu Pemerintah Kota Tegal dlm rangka tertib BMD &amp; peningkatan Pendapatan Asli Daerah (PAD) dari pelaksanaan lelang.  https://t.co/loHsGDTON2",-1,-1,1,-1
1291,20/10/2021 10:08,tegalfess,Ada yg tau ngga semisal mau komplen PDAM kab tegal kemana? Nyari sosmednya di ig sm twitter adanya yg pdam kota. Apakah itu sama? Terimakasihüòä [tf],-1,-1,0,-1
1293,20/10/2021 08:25,tegalfess,[TF] kawan2 tolong saran cafe yg enak buat kerkol ada wifinya sekitar tegal kota tapi jangan yg mehong2 harganya hehehe  makasih sebelumnya ‚ù§  https://t.co/9HyLaaGDEi,1,-1,-1,1
1304,19/10/2021 15:36,hakimwisanggeni,Kota Tegal level satu nih... Bos Dedy alias Mr. Lockdown senggol dong...  https://t.co/D2oFh7tmQG,-1,-1,0,-1
1308,19/10/2021 11:48,dtlpoldajateng,Kasatlantas Polres Tegal Kota Bersama Stakeholders terkait melaksanakan pengecekkan kesiapan rekayasa arus lalu lintas di jalan Ahmad Yani dalam rangka Pembangunan City Walk Kota Tegal.  https://t.co/nTQFXfMZ8S,-1,-1,1,-1
1328,18/10/2021 16:29,LSumpang,Kapolres Tegal Kota AKBP Rahmad Hidayat S.S menghadiri acara Launching Laboratorium Swab PCR dan Antigen Drive Thru di RSUD Kardinah Kota Tegal. Senin (18/10/2021) @divisihumaspolri  @humas_poldajateng  @pemkot.tegal  @rsudkardinah  https://t.co/dEnRhcpm9a,-1,-1,1,-1
1329,18/10/2021 16:01,narkobatglkota,Kapolres Tegal Kota AKBP Rahmad Hidayat S.S menghadiri acara Launching Laboratorium Swab PCR dan Antigen Drive Thru di RSUD Kardinah Kota Tegal. Senin (18/10/2021)  https://t.co/x8JFuPsaXj,-1,-1,1,-1
1334,18/10/2021 14:43,narkobatglkota,"Kapolres Tegal Kota AKBP Rahmad Hidayat, S.S., menghadiri kegiatan Launching Penyaluran Bantuan Tunai Pedagang Kaki Lima dan Warung ( BTPKLW ) oleh Kodim 0712/Tegal bertempat di Ruang Indoor Kodim 0712/Tegal Jalan Raya Pagongan, Kecamatan Dukuhturi, Kab. Tegal, Senin (18/10/2021)  https://t.co/ARoNKcG33o",-1,-1,1,-1
1357,16/10/2021 20:06,kumparan,"Pengerjaan proyek ""Malioboro"" Kota Tegal diminta dihentikan sementara selama proses peradilan. #publisherstory  https://t.co/kXejXS4UO9",-1,-1,0,-1
1363,16/10/2021 14:23,narkobatglkota,"Di tengah Pandemi Covid-19, jajaran Sat Samapta Polres Tegal Kota terus mengintensifkan patroli bersepeda. Metode patroli bersepeda dipilih mengingat efektifitasnya pada rute jarak pendek dan bisa blusukan hingga gang-gang kecil di pemukiman penduduk .  https://t.co/6O2xsu3zBw",-1,-1,1,-1
1367,15/10/2021 20:43,kumparan,"Sekretaris Disporapar Kota Tegal, Abdan Harimurti menyampaikan, masih ditutupnya pintu masuk PAI sebelah timur merupakan kebijakan langsung dari Wali Kota Tegal. #publisherstory  https://t.co/64ZgNvBHCO",-1,-1,1,-1
1375,15/10/2021 11:24,MalintangPos,Wakil Ketua PKK Kota Tegal Ajak Warga Bijak Kelola¬†Sampah  https://t.co/ijjC9GtI2k,-1,-1,1,-1
1390,14/10/2021 11:46,dukcapilslawi,@putriuttami aplikasi pelayanan online di Kabupaten Tegal untuk cetak ulang KTP El sudah sejak 2018. total waktu verifikasi di kami dan di Kota Tegal jelas berbeda karena perbedaan jumlah penduduk.,-1,-1,1,-1
1396,13/10/2021 20:33,kumparan,"Sedikitnya 3.509 pedagang kaki lima (PKL) dan warung di Kota Tegal mendapat bantuan uang tunai sebesar Rp 1,2 juta dari Kemenko Marves yang disalurkan Polres Tegal Kota. #publisherstory  https://t.co/h2DCaJLRPE",-1,-1,1,-1
1399,13/10/2021 18:12,bb_jateng,"Dinas Kepemudaan dan Olahraga dan Pariwisata Kota Tegal, serta Dinas Kearsipan dan Perpustakaan Kota Tegal  #berbahasasehatIndonesiatangguh #tetapterapkan5M #tetapsehattetapsemangat #BBS2021",-1,-1,1,-1
1409,13/10/2021 17:29,tegalfess,Yang jual dessert Tegal kota dimana? [tf],-1,-1,-1,1
1410,13/10/2021 16:22,infotegal,"Ada yang baru nih di bagian ""pucak"" dari Waterleiding Kota Tegal. Ada tulisan Van Tegal-nya.   Tambah keren ngga nih? Apalagi tempat ini menjadi salah satu ""magnet"" bagi yang lewat Jl. Pancasila Kota Tegal. Baik untuk foto-foto atau memandanginya dari jauh maupun dekat.  https://t.co/CoEpLIt6eX",1,-1,-1,-1
1420,13/10/2021 10:08,tegalfess,[tf] ada yg tau yg jual cireng isi yg 1.000 an di tegal kota dimana? atau cireng isi deh,-1,-1,-1,1
1422,13/10/2021 09:14,tegalfess,[Tf] info yg jual kopi item kiloan daerah tegal kota dong gaes. Tengkyu,-1,-1,-1,1
1426,12/10/2021 20:40,tegalfess,[TF] Fuyung Hai sg enak ngendi lur? Tegal kota,-1,-1,-1,1
1427,12/10/2021 20:04,kumparan,"Perkumpulan Penghuni Pengusaha Jalan Jenderal Ahmad Yani (P3 JAYA) Kota Tegal akhirnya mengajukan gugatan class action terhadap Wali Kota Tegal, Dedy Yon Supriyono. #publisherstory  https://t.co/kmcrAUM6m9",-1,-1,0,-1
1429,12/10/2021 19:11,klikanggaran,"Aspirasi Tak Diindahkan Wali Kota,  Warga  Gugat  Proyek Malioboro Van Tegal  ke Pengadilan  https://t.co/du0rFs9pdw",-1,-1,0,-1
1436,12/10/2021 16:03,infotegal,"Adanya exit tol di tegal ini memang sangat membantu untuk urusan waktu tempuh, mau ke arah timur atau barat jadi terasa dekat.  Ada yang sering memanfaatkan jalan tol untuk ke tegal atau luar kota?  Foto diambil dari beberapa desa di samping jalan tol.  #tegal #slawi #infotegal  https://t.co/hdlxa1Y80L",-1,-1,1,-1
1437,12/10/2021 14:43,narkobatglkota,"Dalam rangka mendukung program Polda Jateng Mageri Segoro yang telah diinisiasi oleh Kapolda Jawa Tengah Irjen Pol. Ahmad Luthfi, Polres Tegal Kota menggelar kegiatan penanaman 10.000 pohon mangrove di pesisir pantai Komodo, Kelurahan Panggung, Tegal Timur Kota Tegal  https://t.co/pus9G6RAqr",-1,-1,1,-1
1438,12/10/2021 13:03,LSumpang,"Dalam rangka mendukung program Polda Jateng Mageri Segoro yang telah diinisiasi oleh Kapolda Jateng Irjen Pol. Ahmad Luthfi, Polres Tegal Kota menggelar kegiatan penanaman 10.000 pohon mangrove di pesisir pantai Komodo, Kel. Panggung, Tegal Timur Kota Tegal, Selasa (12/10/2021).  https://t.co/WN5QG6VZ73",-1,-1,1,-1
1439,12/10/2021 13:00,ElshintaTegal_,"Dalam rangka mendukung program Polda Jateng Mageri Segoro, Polres Tegal Kota menggelar kegiatan penanaman 10.000 pohon mangrove di pesisir pantai Komodo, Kelurahan Panggung Kecamatan Tegal Timur Kota Tegal Via @narkobatglkota  #BersamaElshinta  https://t.co/mu6BOjqCp4",-1,-1,1,-1
1440,12/10/2021 12:47,narkobatglkota,"Dalam rangka mendukung program Polda Jateng Mageri Segoro yang telah diinisiasi oleh Kapolda Jawa Tengah Irjen Pol. Ahmad Luthfi, Polres Tegal Kota menggelar kegiatan penanaman 10.000 pohon mangrove di pesisir pantai Komodo, Kelurahan Panggung, Tegal Timur Kota Tegal  https://t.co/1wIee3FW4L",-1,-1,1,-1
1444,11/10/2021 22:21,tegalfess,[TF] ada yg tau gak catering makanan diet area kota tegal yg ada jasa delivery nya jg? thankyou gais semangat yuh pejuang dietüôà,-1,-1,-1,1
1445,11/10/2021 20:39,imam_bepe,Btw no telp damkar tegal kota berapa yah? Wajib save nih buat minta tolong kayak di jakarta üòÅ,-1,-1,1,-1
1450,11/10/2021 17:27,detikcom,Hampir di setiap kota di Indonesia ada martabak telur. Makanan khas asal Tegal ini bahkan sudah mendunia! Sudah tahu sejarahnya?  https://t.co/Iy2IHUKfkd,-1,-1,-1,1
1454,11/10/2021 15:20,ariarhit,@tegalfess lesehan pecel lelean di daerah tegal kota yg enak di mana ya? numpang nanya,-1,-1,-1,1
1471,10/10/2021 19:22,imam_bepe,"konsep malioboro tegal jane gmn sih, baca berita di koran lokal kok isine protes mulu. mbokya gak usah dbuat malioboro segala, wong bukan kota destinasi wisata wkwk",-1,-1,0,-1
1483,09/10/2021 23:54,beey_park,"info tempat buat ngerjain tugas yang enak dimana ya? area tegal kota, TIA",1,-1,-1,-1
1486,09/10/2021 18:42,tegalfess,[TF] saran tempat nongkrong malam minggu di tegal dong..kebetulan aku dari warureja dan seringan ke kota sebelah buat malam mingguan..suwunn,1,-1,-1,-1
1492,09/10/2021 16:20,officialanm,@tegalfess paling ke perpusda kota tegal,-1,-1,1,-1
1495,09/10/2021 09:54,narkobatglkota,"Satuan Fungsi Samapta Polres Tegal Kota, melaksanakan patroli bersepeda guna menciptakan situasi Kamtibmas yang kondusif sekaligus memberikan himbauan terkait disiplin Protokol Kesehatan untuk mencegah penyebaran Covid-19 .  https://t.co/vQH1pyrsL0",-1,-1,1,-1
1513,08/10/2021 17:43,kompascom,"Sebanyak 108 sekolah pendidikan anak usia dini (PAUD) dan taman kanak-kanak (TK) di Kota Tegal, Jateng, akan menggelar PTM pekan depan.  https://t.co/TFh0Zh6sMl",-1,1,-1,-1
1519,08/10/2021 14:52,PolresBogorKota,"Kurang dari 24 jam jajaran Sat Reskrim Polresta Bogor Kota berhasil mengamankan 6 orang pelaku penganiayaan terhadap seorang pelajar yang tewas terkena sabetan senjata tajam (sajam) yang terjadi di Taman Palupuh, Tegal Gundil, Bogor Utara, Kota Bogor, pada Rabu (6/10) malam.  https://t.co/WnqOSIaCNi",-1,-1,1,-1
1520,08/10/2021 14:52,PolresBogorKota,"Kurang dari 24 jam jajaran Sat Reskrim Polresta Bogor Kota berhasil mengamankan 6 orang pelaku penganiayaan terhadap seorang pelajar yang tewas terkena sabetan senjata tajam (sajam) yang terjadi di Taman Palupuh, Tegal Gundil, Bogor Utara, Kota Bogor, pada Rabu (6/10) malam.  https://t.co/uJtuLwDiiH",-1,-1,1,-1
1521,08/10/2021 14:52,PolresBogorKota,"Kurang dari 24 jam jajaran Sat Reskrim Polresta Bogor Kota berhasil mengamankan 6 orang pelaku penganiayaan terhadap seorang pelajar yang tewas terkena sabetan senjata tajam (sajam) yang terjadi di Taman Palupuh, Tegal Gundil, Bogor Utara, Kota Bogor, pada Rabu (6/10) malam.  https://t.co/uZ8m0JN4Bt",-1,-1,1,-1
1523,08/10/2021 13:12,ElshintaTegal_,"Sat Samapta Polres Tegal Kota, melaksanakan patroli bersepeda guna menciptakan situasi Kamtibmas yang kondusif sekaligus memberikan himbauan terkait disiplin Protokol Kesehatan untuk mencegah penyebaran Covid-19 Via @narkobatglkota  #BersamaElshinta  https://t.co/n0R876DnzK",-1,-1,1,-1
1524,08/10/2021 13:08,narkobatglkota,"Sat Samapta Polres Tegal Kota, melaksanakan patroli bersepeda guna menciptakan situasi Kamtibmas yang kondusif sekaligus memberikan himbauan terkait disiplin Protokol Kesehatan untuk mencegah penyebaran Covid-19 .  https://t.co/47z6JU9LJy",-1,-1,1,-1
1528,08/10/2021 11:15,kompasmuda,"Kepolisian Resor Kota Bogor menangkap dua pemuda pembunuh sesama remaja di sekitar Taman Palupuh, Tegal Gundil, Bogor Utara, Jawa Barat, Kamis (7/10/2021). Kedua pelajar itu ditangkap 7 jam setelah kejadian. #AdadiKompas #Metropolitan  https://t.co/wRh7jqI2Nw",-1,-1,1,-1
1533,08/10/2021 08:10,nabilaaII,"@lewatmana Tol Dalam Kota dr Cawang menuju Semanggi macet, tersendat di Exit Tegal Parang &amp; Polda. #JKTT  https://t.co/csDt2bOlfV",-1,-1,0,-1
1534,07/10/2021 21:23,kumparan,"Terkait pembangunan City Walk di Jalan Ahmad Yani yang disebut Proyel ""Malioboro"", DPRD Kota Tegal telah melayangkan surat rekomendasi untuk Wali Kota Tegal Dedy Yon Supriyono. #publisherstory  https://t.co/ckPN1pYqKJ",-1,-1,1,-1
1541,07/10/2021 15:23,kompascom,"Polisi mengungkap kasus dugaan peredaran BBM ilegal jenis solar yang diperjualbelikan untuk industri perikanan di Kota Tegal, Jateng.  https://t.co/2fjXorrTEb",-1,-1,1,-1
1548,07/10/2021 12:00,tegalfess,"[tf] pengin nasi kulit, ada yg tau jualannya dimanasi daerah tegal kota?",-1,-1,-1,1
1555,06/10/2021 20:55,PolairJateng,"SATPOLAIRUD POLRES TEGAL KOTA   Satpolairud Polres Tegal Kota telah melaksanakan kegiatan sbb :  - Melaksanakan giat sambang dan sosialisasi Edukasi, pendisiplinan dalam rangka Pemberlakuan Pembatasan Kegiatan Masyarakat (PPKM) Darurat Covid-19 Level 2 kepada masyarakat Nelayan  https://t.co/ubo4Zfl1GW",-1,-1,1,-1
1565,06/10/2021 10:02,XSplinterCell,"@umiazizah60 Kabupaten Tegal kpn punya bioskop Bu? Klo mau nonton film harus ke kota Tegal dulu, jauh",1,-1,-1,-1
1570,05/10/2021 23:35,tglinfo1,Guci punya resort kaya begini üòÅüòÅüòÅ mantappp Bu @umiazizah60 #tegal #kotategal #guci #hotspring  https://t.co/QbxtjJRRhY,1,-1,-1,-1
1574,05/10/2021 14:16,kumparan,"Kata¬†Sekda, saat ini pekerjaan proyek ""Malioboro"" Kota Tegal masih berjalan. #publisherstory  https://t.co/OvqfadKa5W",-1,-1,1,-1
1576,05/10/2021 12:13,tegalfess,[tf] vaksin di dinkes kota tegal pake vaksin apa yg dosis 1 ?,-1,-1,1,-1
1577,05/10/2021 11:56,tegalfess,"[TF] Info yang jual sate padang di Tegal kota dong, terimakasihüôè",-1,-1,-1,1
1589,04/10/2021 17:57,Gelas_Pecahh,@tegalfess Permisi numpang tanya untuk Rapid Swab Antigen di kota Tegal yg buka sampai malam &amp; hasil testnya bisa di tunggu langsung keluar di mana ya..  terimakaih.,-1,-1,1,-1
1593,04/10/2021 15:52,kompascom,"Pembangunan proyek ""Malioboro"" banyak mendapat penolakan dari warga yang tinggal maupun beraktivitas di di Jalan Ahmad Yani, Kota Tegal, Jawa Tengah.  https://t.co/F9roUFNmdI",-1,-1,0,-1
1603,04/10/2021 10:28,ila_rizky,"Btw, di kota Tegal jg byk vaksinasi massal di ruang publik. Seperti puskesmas, mall, maupun kantor kelurahan.   Jd pemerintah daerah ga perlu menahan stok vaksin, krn stoknya akan terus ditambah agar cepat terlaksana vaksinasi dr Sabang sampai Merauke   #VaksinasiMerata",-1,-1,1,-1
1606,03/10/2021 21:16,ElshintaTegal_,Menjelang Berakhirnya Operasi Patuh Candi 2021  Sat Lantas Polres Tegal Kota Bagikan Masker Kepada Pengunjung dan Pedagang Pasar Tiban di Jl Slamet Riyadi Kota Tegal Via @LSumpang  #ElshintaWeekend  https://t.co/urbU2fYjC2,-1,-1,1,-1
1610,03/10/2021 17:19,narkobatglkota,Menjelang Berakhirnya Operasi Patuh Candi 2021 Sat Lantas Polres Tegal Kota Bagikan Masker Kepada Pengunjung dan Pedagang Pasar Tiban di Jl Slamet Riyadi Kota Tegal Minggu (03/10/2021)  https://t.co/dM1jw2VIhZ,-1,-1,1,-1
1611,03/10/2021 16:44,LSumpang,Menjelang Berakhirnya Operasi Patuh Candi 2021 Sat Lantas Polres Tegal Kota Bagikan Masker Kepada Pengunjung dan Pedagang Pasar Tiban di Jl Slamet Riyadi Kota Tegal Minggu (03/10/2021)  @divisihumaspolri  @humas_poldajateng  @humas_polresta_tegal  @satlantastegalkota  https://t.co/2OwfLh5AMK,-1,-1,1,-1
1624,02/10/2021 18:04,AzmiFaiqoh,"Buat warga kota Tegal yg mau urus adminduk, simak pengumuman dr Disdukcapil ini ya.",-1,-1,1,-1
1625,02/10/2021 16:34,infotegal,"Tidak tahu persis nama untuk lapangan ini, tapi banyak yang menyebut ini lapangan smp 13, karena lokasinya persis di depan smp negeri 13 kota #tegal. Memang kondisinya seperti itu saja, kering, tapi kalau pas hujan malah tidak tampak seperti lapangan karena terendam air, namun  https://t.co/QwssjxNWMw",1,-1,-1,-1
1632,02/10/2021 12:22,LSumpang,"Dalam Rangka Operasi Patuh Candi 2021 Polwan Sat Lantas Polres Tegal Kota memberikan himbauan untuk menaati peraturan lalu lintas kepada pengguna Jalan Veteran, selain memberikan imbauan juga membagikan nasi kotak sebagai bentuk kepedulian terhadap sesama. @humas_polresta_tegal  https://t.co/Z5ENCGjsMs",-1,-1,1,-1
1635,02/10/2021 07:56,tegalfess,[TF] ada yg tau kafe yang enak buat nugas? Yang bukanya jam 11.. daerah tegal kota ya Kalo bisa ada wifinya ya,1,-1,-1,-1
1636,02/10/2021 06:00,hariankompas,"Pembelajaran tatap muka tingkat SD mulai digelar sebagian sekolah di Kota Tegal, Jawa Tengah. Sekolah-sekolah lain yang belum menggelar, didorong segera mengajukan izin penyelenggaraan PTM. #Nusantara #AdadiKompas @Kristilusia   https://t.co/s3NKkHRFHy",-1,1,-1,-1
1637,01/10/2021 23:05,AureliaMawar,Sejumlah SD di Kota Tegal Diminta Segera Ajukan Izin PTM  https://t.co/Inzlfg8okt,-1,1,-1,-1
1641,01/10/2021 20:38,kompascom,"Giliran SD di Kota Tegal, Jateng, diizinkan menggelar Pembelajaran Tatap Muka (PTM) secara terbatas. Total ada 20 SD yang diizinkan melaksanakan PTM.  https://t.co/ZP0BHOMDUu",-1,1,-1,-1
1649,01/10/2021 15:33,tegalfess,[tf] info vaksin yg ktp bukan domisili nya . Ada nya dimana ? Daerah kota tegal,-1,-1,1,-1
1651,01/10/2021 14:48,disnakerintegal,"Kerjasama ini bertujuan meningkatkan dan mendukung pemberdayaan industri kecil menengah Kota Tegal serta kegiatan penelitian, pengajaran dan pengabdian masyarakat serta implementasi Program Merdeka Belajar Kampus Merdeka di FTIK UPS Tegal.",-1,-1,1,-1
1676,30/09/2021 15:52,tegalfess,[TF] Tegal kota ada kolam renang yang buka ngga ya?,1,-1,-1,-1
1679,30/09/2021 13:59,seputardewan,"Karena saat ini status Pemberlakuan Pembatasan Kegiatan Masyarakat (PPKM) Kota Tegal sudah level dua, kebijakan pemadaman PJU dianggap sudah saatnya dikaji ulang. ---- Selengkapnya:  https://t.co/7gSpZjB3RK #DPRDKotaTegal #PAN  https://t.co/HLCDcugvuD",-1,-1,1,-1
1680,30/09/2021 13:47,Puskapikcom,Tadi Malam Samapta Polres Tegal Kota Amankan Belasan Orang dan Puluhan Botol¬†Miras  https://t.co/5EAAFQLIlS,-1,-1,1,-1
1681,30/09/2021 13:39,seputardewan,Eko Susanto Anggota DPRD Kota Tegal dari Fraksi Partai Kebangkitan Bangsa menerima barisan keluarga besar Nelayan Kota Tegal terkait aspirasi Penolakan atas Kenaikan PNBP PHP 400 persen. Bismillah bareng-bareng memperjuangkan @h_ekosusanto #DPRDKotaTegal #PKB  https://t.co/XuGnYIiaJs,-1,-1,1,-1
1682,30/09/2021 13:14,ElshintaTegal_,"Dalam rangka Operasi Patuh Candi-2021, jajaran Satuan Lalu Lintas Polres Tegal Kota gelar pemeriksaan Protokol Kesehatan dan Surat Vaksin di depan Klinik ""Adhi Pradana"", Jl. Ks. Tubun Kota Tegal. Via @narkobatglkota  #Elshinta90FM  https://t.co/00ZlUNCKGH",-1,-1,1,-1
1683,30/09/2021 12:51,narkobatglkota,"Dalam rangka Operasi Patuh Candi-2021, jajaran Satuan Lalu Lintas Polres Tegal Kota gelar pemeriksaan Protokol Kesehatan dan Surat Vaksin di depan Klinik ""Adhi Pradana"", Jl. Ks. Tubun Kota Tegal.(30/09/09) pagi .  https://t.co/X0RyQgGUzD",-1,-1,1,-1
1684,30/09/2021 12:10,tegalfess,[tf] info vaksin besok dong di tegal kota,-1,-1,1,-1
1688,30/09/2021 11:07,PolsekPringsurt,"@HumasPolresTem1 Kota Tegal, Kota Semarang, dan Kota Pekalongan merupakan 3 kota yang menerapkan PPKM level 2 di Provinsi Jawa Tengah  #VaksinasiPerketatProkes Transisi Menuju Endemi",-1,-1,1,-1
1692,30/09/2021 08:31,PemkotTegal,Pemerintah Kota (Pemkot) Tegal bekerja sama dengan BPJS Kesehatan Cabang Kota Tegal dalam rangka meningkatkan cakupan Program Universal Health Coverage (UHC) Kota Tegal.  https://t.co/aKRN5shBdG,-1,-1,1,-1
1693,30/09/2021 08:30,PemkotTegal,Pemerintah Kota Tegal (Pemkot Tegal) menyalurkan bantuan beras paceklik kepada 5.870 nelayan Kota Tegal dan 891 unit kapal Kota Tegal (berbagai ukuran dan berbagai jenis) dengan total sebanyak 108.857 kg.  https://t.co/jHl95iSzEK,-1,-1,1,-1
1705,29/09/2021 18:09,kumparan,Belum diketahui pasti kapan Taman Pancasila Kota Tegal akan dibuka untuk umum. #publisherstory  https://t.co/EHVCjr2GIp,1,-1,1,-1
1707,29/09/2021 15:58,netizenmu,"RT majalahSM ""Menurut Yanuar, organisasi IMM adalah sesuatu yang harus diketahui oleh seluruh mahasiswa di PTM. Karena polmuh sendiri adalah satu satunya PTM yang ada di Kota Tegal dan akan melahirkan kader-kader persyarikatan Muhammadiyah.    https://t.co/pPWPp3BO1S""",-1,1,-1,-1
1710,29/09/2021 15:04,majalahSM,"Menurut Yanuar, organisasi IMM adalah sesuatu yang harus diketahui oleh seluruh mahasiswa di PTM. Karena polmuh sendiri adalah satu satunya PTM yang ada di Kota Tegal dan akan melahirkan kader-kader persyarikatan Muhammadiyah.    https://t.co/tXrhW0vfP7",-1,1,-1,-1
1715,29/09/2021 12:08,infotegal,"Tetap waspada dan hati-hati ya sobat, proyek perbaikan Jalan Pantura perbatasan Kota dan Kabupaten Tegal masih berlangsung. Bagi pengendara kendaraan roda dua, pastikan fokus saat melewati ruas jalan yang di-contraflow ya, supaya tidak terperosok ke pinggiran jalan beton.  https://t.co/Mp1kTW3zNH",-1,-1,1,-1
1722,29/09/2021 03:15,disnakerintegal,"Disnakerin Kota Tegal telah melaksanakan berbagai kegiatan untuk memfasilitasi IKM agar bangkit memulihkan ekonomi KotaTegal, antara lain menyelenggarakan event Kampung Ramadan/Syawalan, fasilitasi merek serta sertifikasi halal.",1,-1,1,-1
1727,28/09/2021 20:42,kumparan,"Setelah muncul sejumlah penolakan terkait penataan Jalan Ahmad Yani, yang akan dijadikan kawasan City Walk ""Malioboro,"" DPRD Kota Tegal segera mengambil sikap. #publisherstory  https://t.co/cfcizWOwke",-1,-1,0,-1
1728,28/09/2021 19:14,MJJumadi,Baru saja mengirim foto @ Taman Pancasila Kota Tegal  https://t.co/QJeCLunYQ0,1,-1,-1,-1
1735,28/09/2021 15:18,Puskapikcom,Panas! Pertemuan Pemkot-Pelaku Usaha Terdampak Proyek City Walk Maliboro Kota¬†Tegal  https://t.co/5mdtQDqsm5,-1,-1,0,-1
1739,28/09/2021 13:01,danaretropolis,@kompascom coba proyeknya pakai nama yg asli &amp; mencirikan kota tegal.. krn proyek malioboro hanya beautifikasi tiada henti #eh,-1,-1,0,-1
1740,28/09/2021 12:57,kompascom,"Sekda) Kota Tegal Johardi mempersilakan jika ada warga yang tak puas hingga akan menggugat terkait pelaksanaan proyek ""Malioboro"".  https://t.co/dwQeYF4m5g",-1,-1,0,-1
1754,27/09/2021 17:28,gossypiumhirstm,@tegalfess mie ayam solo baru ini yg tegal kota kalo slawi mie ayam deket masjid depan rumdin,-1,-1,-1,1
1755,27/09/2021 17:14,MahargianiRatih,"Senin (27/09), Ratih. M, Luhkan Kota Tegal, di Mall Ikan Tegal, Fasilitasi akses pemasaran bagi pembudidaya ikan hias Asterix Betta Farm dengan pihak Mall Ikan Tegal  @BRSDM_bp3tegal @puslatluhkp #GiatLuhkanSatminkalTegal #KtTegal #luhlapor  https://t.co/6U6Vb0QebG",-1,-1,1,-1
1756,27/09/2021 17:09,tegalfess,[tf] saran sate Taichan di Tegal kota yg enak dong,-1,-1,-1,1
1757,27/09/2021 16:58,tegalfess,"[TF] Gaes, rekomendasiin mie ayam enak di tegal kota yang gabanyak orang tau dong üçúüôèüèª  https://t.co/C7RzOvd8sb",-1,-1,-1,1
